Q93295;P2046;37.3
Q118603;P2046;4.27
Q627678;P2046;7.94
Q554327;P2046;19.68
Q552690;P2046;13.38
Q529400;P2046;8.27
Q504113;P2046;16.57
Q557174;P2046;14.43
Q242458;P2046;112.42
Q654080;P2046;1.70
Q565260;P2046;0.79
Q526870;P2046;5.08
Q536333;P2046;6.3
Q282270;P2046;4.38
Q505232;P2046;17.62
Q631098;P2046;49.90
Q354547;P2046;76.09
Q553300;P2046;7.19
Q505558;P2046;32.71
Q656819;P2046;17.63
Q559995;P2046;7.88
Q555260;P2046;2.51
Q644241;P2046;11.45
Q555751;P2046;6.07
Q122161;P2046;6.59
Q22527;P2046;4.35
Q561172;P2046;2.21
Q563103;P2046;4.62
Q514646;P2046;17.35
Q80455;P2046;2.5
Q557798;P2046;11.31
Q196906;P2046;3.70
Q565775;P2046;23.53
Q119277;P2046;4.92
Q647479;P2046;16.26
Q704138;P2046;7.00
Q145121;P2046;7.15
Q642580;P2046;2.68
Q644473;P2046;2.28
Q634537;P2046;12.4
Q263586;P2046;12.33
Q528333;P2046;4.58
Q181910;P2046;35.26
Q642534;P2046;2.46
Q71041;P2046;49.71
Q681018;P2046;5.18
Q671068;P2046;27.17
Q651998;P2046;8.41
Q509557;P2046;36.31
Q511351;P2046;13.43
Q566925;P2046;10.44
Q437368;P2046;32.91
Q187122;P2046;3.1
Q566972;P2046;5.29
Q565137;P2046;7.38
Q647090;P2046;10.28
Q46766;P2046;39.64
Q675532;P2046;17.16
Q6685;P2046;6.25
Q565159;P2046;3.81
Q535044;P2046;4.16
Q556633;P2046;14.91
Q671964;P2046;17.67
Q646731;P2046;5.30
Q688714;P2046;3.39
Q553315;P2046;5.65
Q503777;P2046;13.61
Q567541;P2046;8.71
Q560519;P2046;7.04
Q649298;P2046;5.38
Q674357;P2046;2.29
Q553988;P2046;10.70
Q165381;P2046;10.30
Q570402;P2046;9.84
Q642030;P2046;4.14
Q567262;P2046;2.88
Q629595;P2046;6.83
Q548396;P2046;5.55
Q636036;P2046;6.09
Q22469;P2046;21.80
Q622179;P2046;10.58
Q23024;P2046;3.59
Q50894;P2046;9.53
Q561699;P2046;9.68
Q664811;P2046;24.32
Q561180;P2046;15.48
Q563054;P2046;2.84
Q665526;P2046;5.19
Q636507;P2046;5.52
Q506024;P2046;7.06
Q199157;P2046;10.11
Q656255;P2046;6.17
Q680903;P2046;4.99
Q503757;P2046;30.06
Q516343;P2046;23.69
Q512892;P2046;27.42
Q567715;P2046;18.14
Q629196;P2046;8.39
Q204053;P2046;2.58
Q554166;P2046;4.53
Q558132;P2046;12.88
Q684703;P2046;10.96
Q669035;P2046;8.63
Q673605;P2046;16.78
Q654401;P2046;6.17
Q648879;P2046;6.98
Q568197;P2046;4.06
Q503464;P2046;22.12
Q646499;P2046;1.77
Q622274;P2046;17.92
Q633555;P2046;29.19
Q199974;P2046;88.05
Q436639;P2046;4.66
Q631303;P2046;12.63
Q677078;P2046;3.35
Q643217;P2046;23.64
Q20215;P2046;11.94
Q553370;P2046;15.59
Q679389;P2046;1.73
Q705511;P2046;16.02
Q93303;P2046;18.03
Q539290;P2046;4.52
Q509131;P2046;47.27
Q508895;P2046;13.92
Q540556;P2046;3.7
Q524547;P2046;4.14
Q547916;P2046;14.48
Q180949;P2046;5.54
Q645286;P2046;6.07
Q675469;P2046;25.1
Q473259;P2046;8.14
Q674764;P2046;2.73
Q544037;P2046;7.13
Q662105;P2046;4.18
Q561126;P2046;4.06
Q667205;P2046;6.07
Q502841;P2046;8.84
Q512667;P2046;7.83
Q654601;P2046;5.13
Q264394;P2046;6.20
Q629988;P2046;12.28
Q80659;P2046;9.03
Q62042;P2046;25.04
Q540692;P2046;3.78
Q20779;P2046;4.62
Q20750;P2046;2.6
Q669286;P2046;17.44
Q652972;P2046;4.83
Q697843;P2046;11.13
Q567588;P2046;4.53
Q629556;P2046;20.76
Q554806;P2046;17.46
Q507140;P2046;5.37
Q83217;P2046;9.60
Q671978;P2046;14.47
Q553309;P2046;6.11
Q701347;P2046;15.31
Q818636;P2046;4.46
Q701831;P2046;14.29
Q514399;P2046;23.93
Q81154;P2046;6.40
Q552142;P2046;13.15
Q702127;P2046;27.89
Q564621;P2046;7.33
Q557554;P2046;25.81
Q516724;P2046;68.71
Q573045;P2046;15.63
Q303753;P2046;47.05
Q182286;P2046;53.69
Q631126;P2046;12.32
Q638188;P2046;22.93
Q640399;P2046;4.8
Q625239;P2046;12.99
Q564016;P2046;3.77
Q526784;P2046;67.12
Q565885;P2046;2.71
Q552615;P2046;6.61
Q164550;P2046;7.30
Q518955;P2046;4.10
Q646992;P2046;4.90
Q20784;P2046;45.84
Q564996;P2046;2.31
Q635226;P2046;14.17
Q522937;P2046;19.12
Q80622;P2046;12.18
Q591394;P2046;7.23
Q260293;P2046;17.20
Q333149;P2046;9.66
Q556670;P2046;11.27
Q663684;P2046;18.33
Q558176;P2046;9.09
Q552540;P2046;9.23
Q653338;P2046;5.17
Q288197;P2046;10.39
Q645262;P2046;3.15
Q558688;P2046;15.72
Q675691;P2046;12.30
Q502794;P2046;31.22
Q20213;P2046;14.3
Q57817;P2046;55.13
Q565346;P2046;6.12
Q635977;P2046;8.31
Q567268;P2046;4.54
Q690721;P2046;17.07
Q647644;P2046;11.74
Q818650;P2046;7.32
Q523263;P2046;20.76
Q524535;P2046;5.38
Q519376;P2046;4.51
Q542392;P2046;7.9
Q558092;P2046;15.16
Q241367;P2046;9.44
Q512098;P2046;18.8
Q622215;P2046;14.25
Q636598;P2046;21.91
Q632351;P2046;7.78
Q533424;P2046;30.17
Q511825;P2046;10.27
Q437140;P2046;18.33
Q579011;P2046;7.47
Q698525;P2046;32.41
Q563858;P2046;7.20
Q566030;P2046;14.51
Q652836;P2046;20.66
Q564709;P2046;4.02
Q656322;P2046;3.66
Q22975;P2046;8.98
Q564605;P2046;7.75
Q634080;P2046;6.26
Q636788;P2046;5.30
Q569300;P2046;3.80
Q557131;P2046;6.05
Q637027;P2046;14.47
Q4416;P2046;71.62
Q537465;P2046;12.04
Q567194;P2046;5.52
Q556673;P2046;12.26
Q382845;P2046;1.99
Q636866;P2046;46.73
Q551656;P2046;21.77
Q645116;P2046;2.9
Q120307;P2046;3.83
Q654454;P2046;14.60
Q504264;P2046;4.52
Q649494;P2046;11.03
Q630067;P2046;18.94
Q335018;P2046;6.04
Q644866;P2046;3.06
Q375399;P2046;8.39
Q561246;P2046;0.39
Q505636;P2046;9.93
Q243266;P2046;76.89
Q373778;P2046;17.59
Q520769;P2046;18.64
Q507921;P2046;21.99
Q659890;P2046;15.73
Q186467;P2046;11.92
Q305373;P2046;14.74
Q653407;P2046;7.26
Q552335;P2046;3.57
Q574429;P2046;28
Q646879;P2046;3.21
Q561161;P2046;6.90
Q631184;P2046;13.11
Q3456;P2046;6.8
Q567724;P2046;12.00
Q630344;P2046;12.45
Q566612;P2046;7.71
Q554194;P2046;9.27
Q538628;P2046;6.04
Q569797;P2046;4.06
Q505228;P2046;8.60
Q704106;P2046;15.85
Q551190;P2046;18.81
Q677025;P2046;4.63
Q288294;P2046;10.56
Q818490;P2046;10.69
Q508471;P2046;11.50
Q627747;P2046;12.82
Q555878;P2046;4.9
Q139676;P2046;27.29
Q559456;P2046;6.33
Q562462;P2046;24.85
Q540441;P2046;12.75
Q46828;P2046;21.78
Q533871;P2046;24.97
Q634456;P2046;32.58
Q561608;P2046;5.03
Q514001;P2046;19.3
Q508243;P2046;20.03
Q652777;P2046;10.67
Q668257;P2046;19.81
Q563960;P2046;2.63
Q565981;P2046;1.68
Q258459;P2046;2.00
Q524350;P2046;6.64
Q561548;P2046;4.1
Q556871;P2046;14.75
Q651717;P2046;6.35
Q556403;P2046;25.18
Q516669;P2046;13.54
Q636991;P2046;50.58
Q636208;P2046;3.09
Q567258;P2046;12.74
Q632500;P2046;13.02
Q706259;P2046;24.54
Q631748;P2046;2.16
Q542863;P2046;4.43
Q636826;P2046;35.03
Q705735;P2046;3.8
Q27308;P2046;5.51
Q565967;P2046;6.27
Q641541;P2046;2.21
Q73532;P2046;147.83
Q509318;P2046;21.62
Q567172;P2046;4.10
Q636717;P2046;6.63
Q528980;P2046;13.23
Q566874;P2046;5.87
Q302671;P2046;4.4
Q641215;P2046;5.55
Q555218;P2046;10.02
Q621241;P2046;23.30
Q572969;P2046;11.29
Q622471;P2046;36.61
Q658657;P2046;2.81
Q506388;P2046;5.23
Q21044;P2046;1.59
Q568927;P2046;29.77
Q873717;P2046;5.19
Q540227;P2046;7.27
Q514767;P2046;2.54
Q562772;P2046;2.56
Q80704;P2046;5.55
Q28001;P2046;29.79
Q222767;P2046;16.52
Q563910;P2046;5.02
Q508246;P2046;25.34
Q638901;P2046;8.61
Q645530;P2046;6.45
Q564351;P2046;35.34
Q654759;P2046;4.57
Q262147;P2046;29.2
Q564987;P2046;5.66
Q334669;P2046;13.69
Q524691;P2046;42.10
Q266726;P2046;12.34
Q203754;P2046;20.37
Q553391;P2046;7.41
Q259202;P2046;44.22
Q675483;P2046;6.68
Q31662;P2046;34.40
Q46804;P2046;9.94
Q230467;P2046;40.81
Q556082;P2046;7.48
Q615076;P2046;15.71
Q567415;P2046;6.77
Q558180;P2046;5.2
Q931366;P2046;23.26
Q22524;P2046;4.81
Q73536;P2046;7.84
Q46749;P2046;4.55
Q563502;P2046;2.01
Q563943;P2046;5.51
Q32064;P2046;16.91
Q564002;P2046;2.98
Q636651;P2046;9.79
Q556971;P2046;5.35
Q21045;P2046;2.72
Q502115;P2046;8.25
Q239099;P2046;4.34
Q689946;P2046;15.74
Q509296;P2046;13.92
Q676075;P2046;12.33
Q654404;P2046;6.63
Q489303;P2046;53.00
Q638455;P2046;15.37
Q61989;P2046;9.73
Q687777;P2046;16.93
Q551468;P2046;20.10
Q634628;P2046;28.57
Q650930;P2046;6.71
Q1572183;P2046;22.08
Q660465;P2046;5.12
Q565120;P2046;9.88
Q666307;P2046;5.29
Q564319;P2046;17.22
Q554901;P2046;10.39
Q638219;P2046;6.26
Q564274;P2046;7.70
Q702585;P2046;8.90
Q20249;P2046;27.64
Q546862;P2046;16.21
Q557344;P2046;16.40
Q647797;P2046;2.43
Q685405;P2046;3.77
Q527982;P2046;8.72
Q10906;P2046;148.63
Q180990;P2046;7.24
Q31663;P2046;13.79
Q567832;P2046;3.75
Q329034;P2046;4.63
Q627451;P2046;21.62
Q525086;P2046;3.60
Q565228;P2046;4.17
Q520900;P2046;39.05
Q695963;P2046;16.17
Q632557;P2046;19.6
Q648635;P2046;4.51
Q545791;P2046;3.18
Q647036;P2046;8.76
Q525896;P2046;19.80
Q558217;P2046;5.12
Q374915;P2046;32.87
Q260704;P2046;45.91
Q280324;P2046;35.06
Q554277;P2046;2.13
Q503844;P2046;13.23
Q553530;P2046;6.19
Q641778;P2046;8.10
Q564991;P2046;9.13
Q561267;P2046;8.10
Q508832;P2046;17.99
Q551226;P2046;32.16
Q528915;P2046;10.18
Q648448;P2046;6.55
Q2140235;P2046;5.78
Q20234;P2046;10.02
Q80483;P2046;6.27
Q503043;P2046;30.02
Q632468;P2046;6.52
Q627765;P2046;5.55
Q835857;P2046;10.57
Q637198;P2046;6.49
Q514454;P2046;6.12
Q636446;P2046;40.77
Q546209;P2046;6.38
Q137777;P2046;2.01
Q629729;P2046;11.38
Q625070;P2046;44.99
Q630978;P2046;5.51
Q570831;P2046;8.09
Q694144;P2046;4.58
Q696076;P2046;14.98
Q651563;P2046;4.36
Q80467;P2046;18.29
Q510590;P2046;12.96
Q527504;P2046;8.42
Q279508;P2046;21.31
Q559472;P2046;13.49
Q633808;P2046;16.93
Q302477;P2046;12.15
Q628355;P2046;52.56
Q163921;P2046;11.16
Q647504;P2046;1.11
Q526136;P2046;10.99
Q564566;P2046;2.94
Q524650;P2046;15.89
Q647246;P2046;5.05
Q71017;P2046;14.73
Q631737;P2046;7.81
Q547134;P2046;18.28
Q426639;P2046;24.78
Q555245;P2046;19.84
Q562812;P2046;2.54
Q665604;P2046;5.28
Q640603;P2046;23.18
Q521356;P2046;10.29
Q561287;P2046;13.15
Q524763;P2046;5.07
Q559415;P2046;35.73
Q572999;P2046;32.82
Q627738;P2046;55
Q632154;P2046;4.66
Q319254;P2046;6.12
Q550582;P2046;16.49
Q650950;P2046;16.50
Q2232701;P2046;6.43
Q567176;P2046;5.00
Q649377;P2046;2.62
Q557013;P2046;18.22
Q644851;P2046;4.58
Q611437;P2046;2.93
Q647234;P2046;11.95
Q649949;P2046;4.03
Q561121;P2046;1.64
Q665841;P2046;4.23
Q46792;P2046;30.66
Q551706;P2046;6.5
Q569100;P2046;8.00
Q80496;P2046;17.06
Q252437;P2046;54.31
Q564488;P2046;5.00
Q818729;P2046;10.38
Q551127;P2046;31.79
Q553494;P2046;4.85
Q638122;P2046;7.99
Q654146;P2046;3.21
Q288569;P2046;5.64
Q580870;P2046;24.86
Q563898;P2046;6.98
Q384948;P2046;7.28
Q699171;P2046;11.15
Q632136;P2046;7.45
Q506018;P2046;2.1
Q529392;P2046;16.86
Q554812;P2046;10.31
Q631783;P2046;11.91
Q553458;P2046;9.16
Q569113;P2046;4.10
Q143075;P2046;7.58
Q654442;P2046;10.83
Q687893;P2046;59.14
Q501679;P2046;150.02
Q511280;P2046;13.29
Q558096;P2046;5.7
Q649113;P2046;14.81
Q53908;P2046;23.87
Q634023;P2046;6.69
Q649138;P2046;61.09
Q566930;P2046;14.76
Q570330;P2046;6.05
Q683186;P2046;2.65
Q556255;P2046;6.22
Q632442;P2046;12.66
Q658501;P2046;7.55
Q641584;P2046;3.07
Q555681;P2046;3.51
Q629959;P2046;4.32
Q254001;P2046;37.32
Q371657;P2046;28.79
Q667097;P2046;3.07
Q819233;P2046;14.75
Q552645;P2046;25.33
Q528424;P2046;6
Q696191;P2046;13.48
Q80625;P2046;10.97
Q557533;P2046;8.54
Q513494;P2046;8.73
Q656567;P2046;0.76
Q640229;P2046;1.46
Q532907;P2046;26.89
Q641263;P2046;2.72
Q630236;P2046;4.09
Q641610;P2046;12.1
Q10748;P2046;11.66
Q49441;P2046;6.44
Q242514;P2046;92.49
Q686364;P2046;19.18
Q654384;P2046;4.72
Q818868;P2046;16.02
Q563237;P2046;2.57
Q369775;P2046;2.91
Q242385;P2046;36.93
Q48257;P2046;15.29
Q545124;P2046;9.23
Q656305;P2046;3.16
Q651824;P2046;5.46
Q834685;P2046;3.83
Q567209;P2046;10.22
Q81099;P2046;12.04
Q681112;P2046;5.49
Q21133;P2046;4.87
Q523004;P2046;3.41
Q507397;P2046;41.81
Q563278;P2046;3.12
Q630467;P2046;22.73
Q521411;P2046;24.24
Q647209;P2046;2.14
Q565333;P2046;2.73
Q574468;P2046;8.21
Q297354;P2046;2.26
Q671818;P2046;36.07
Q567528;P2046;6.31
Q673986;P2046;4.78
Q510077;P2046;19.12
Q563028;P2046;3.58
Q630011;P2046;12.44
Q555662;P2046;11.98
Q10769;P2046;37
Q632090;P2046;3.21
Q566745;P2046;4.48
Q636744;P2046;5.52
Q433069;P2046;14.09
Q537696;P2046;4.83
Q613929;P2046;2.80
Q560300;P2046;2.64
Q633705;P2046;7.34
Q510903;P2046;13.23
Q628701;P2046;13.11
Q656045;P2046;1.92
Q2014884;P2046;95.6
Q2408;P2046;13
Q749918;P2046;23.21
Q552634;P2046;3.80
Q706609;P2046;8.57
Q558584;P2046;3.34
Q632974;P2046;12.20
Q561578;P2046;2.3
Q10903;P2046;104.42
Q555790;P2046;7.51
Q543244;P2046;9.79
Q532891;P2046;6.59
Q556840;P2046;15.76
Q659404;P2046;11.46
Q646326;P2046;3.24
Q562916;P2046;10.17
Q162003;P2046;30.94
Q3475;P2046;9.1
Q505048;P2046;18.22
Q566027;P2046;6.39
Q567533;P2046;4.18
Q634533;P2046;8.86
Q400556;P2046;5.09
Q677335;P2046;6.24
Q515988;P2046;8.75
Q647723;P2046;1.99
Q552260;P2046;15.24
Q628542;P2046;39.45
Q679349;P2046;7.03
Q642350;P2046;3.74
Q696492;P2046;5.85
Q80602;P2046;6.33
Q556915;P2046;6.69
Q508162;P2046;39.19
Q565922;P2046;6.46
Q647490;P2046;1.8
Q198395;P2046;32.22
Q566884;P2046;3.69
Q472806;P2046;13.29
Q645520;P2046;2.66
Q572400;P2046;10.51
Q511710;P2046;4.86
Q542861;P2046;5.32
Q553263;P2046;10.17
Q331663;P2046;2.39
Q512083;P2046;34.82
Q641817;P2046;3.30
Q705793;P2046;24.74
Q515121;P2046;2.60
Q637699;P2046;7.36
Q436606;P2046;14.83
Q640344;P2046;6.48
Q176967;P2046;16.01
Q546022;P2046;17.83
Q633634;P2046;5.87
Q649311;P2046;5.33
Q631479;P2046;30.9
Q81390;P2046;28.22
Q370503;P2046;6.50
Q490363;P2046;1.54
Q502846;P2046;8.21
Q148045;P2046;11.69
Q302673;P2046;10.56
Q28013;P2046;5.64
Q20240;P2046;6.68
Q672834;P2046;12.83
Q694956;P2046;17.65
Q508367;P2046;9.69
Q562408;P2046;3.57
Q530525;P2046;17.55
Q114059;P2046;4.60
Q93223;P2046;13.33
Q565174;P2046;4.62
Q558170;P2046;4.44
Q377642;P2046;4.89
Q656121;P2046;3.05
Q564277;P2046;3.45
Q546124;P2046;5.25
Q651014;P2046;11.80
Q1475585;P2046;24
Q703135;P2046;5.29
Q314953;P2046;21.03
Q538711;P2046;37.74
Q551964;P2046;7.69
Q656095;P2046;1.49
Q552271;P2046;7.26
Q530041;P2046;2.20
Q627981;P2046;8.17
Q643024;P2046;3.43
Q80807;P2046;5.37
Q644151;P2046;2.02
Q302916;P2046;10.57
Q570250;P2046;5.49
Q557136;P2046;7.88
Q629359;P2046;9.51
Q668499;P2046;3.54
Q702590;P2046;13.38
Q637559;P2046;19.36
Q372365;P2046;4.84
Q661964;P2046;13.09
Q374766;P2046;5.79
Q565971;P2046;3.07
Q561758;P2046;3.19
Q628142;P2046;213.15
Q729819;P2046;4.61
Q39800;P2046;39.27
Q340794;P2046;3.79
Q702953;P2046;16.60
Q266518;P2046;2.65
Q553450;P2046;2.31
Q630633;P2046;21.6
Q629808;P2046;4.04
Q522802;P2046;13.85
Q524573;P2046;13.63
Q672720;P2046;10.09
Q555813;P2046;6.23
Q631764;P2046;2.38
Q545814;P2046;7.41
Q73212;P2046;24.59
Q630028;P2046;6.2
Q565836;P2046;58.34
Q650918;P2046;3.67
Q638943;P2046;13.76
Q555689;P2046;5.15
Q565980;P2046;4.35
Q569124;P2046;6.91
Q259243;P2046;3.15
Q649048;P2046;12.68
Q565749;P2046;3.69
Q433372;P2046;30.51
Q445040;P2046;16.25
Q643082;P2046;1.71
Q262193;P2046;15.30
Q328684;P2046;17.74
Q22974;P2046;12.61
Q1367144;P2046;3.35
Q635184;P2046;2.69
Q644143;P2046;2.85
Q551617;P2046;2.87
Q625099;P2046;57.04
Q643463;P2046;11.23
Q656128;P2046;12.27
Q15854821;P2046;5.96
Q542824;P2046;12.58
Q566074;P2046;6.91
Q513573;P2046;12.07
Q670312;P2046;9.83
Q629619;P2046;10.70
Q546294;P2046;8.92
Q632607;P2046;50.06
Q565103;P2046;5.92
Q572452;P2046;6.98
Q529068;P2046;26.47
Q1642;P2046;10.1
Q506544;P2046;5.16
Q558083;P2046;19.33
Q564312;P2046;10.37
Q545911;P2046;12.82
Q551796;P2046;7.9
Q554346;P2046;5.85
Q568989;P2046;6.30
Q6710;P2046;28.37
Q163837;P2046;67.07
Q693109;P2046;14.35
Q561616;P2046;1.96
Q556558;P2046;8.43
Q565860;P2046;5.50
Q57851;P2046;24.21
Q561587;P2046;6.74
Q526857;P2046;11.44
Q530122;P2046;64.21
Q675444;P2046;11.71
Q517499;P2046;13.98
Q204683;P2046;30.27
Q145615;P2046;5.72
Q554864;P2046;29.33
Q676568;P2046;6.54
Q654163;P2046;6.67
Q628382;P2046;7.42
Q550719;P2046;20.45
Q699129;P2046;24.66
Q694953;P2046;15.98
Q564574;P2046;6.46
Q631654;P2046;4.33
Q551812;P2046;14.63
Q631683;P2046;16.85
Q634934;P2046;15.68
Q633518;P2046;58
Q647333;P2046;3.03
Q632227;P2046;3.25
Q641590;P2046;8.91
Q385231;P2046;42.14
Q567858;P2046;6.61
Q503901;P2046;17.08
Q542788;P2046;24.76
Q557152;P2046;5.78
Q704437;P2046;22.98
Q555786;P2046;13.36
Q549701;P2046;1.1
Q632171;P2046;11.40
Q646443;P2046;3.26
Q667746;P2046;2.78
Q525879;P2046;51.34
Q260613;P2046;8.09
Q533209;P2046;8.46
Q669101;P2046;25.18
Q564663;P2046;8.50
Q552236;P2046;81.67
Q573011;P2046;17.29
Q555729;P2046;8.11
Q126407;P2046;22.04
Q648748;P2046;5.55
Q565008;P2046;3.94
Q48262;P2046;9.18
Q433223;P2046;6.44
Q653800;P2046;2.32
Q29931;P2046;11.57
Q674819;P2046;16.61
Q664998;P2046;17.55
Q654503;P2046;12.45
Q553076;P2046;9.49
Q685210;P2046;3.79
Q505622;P2046;20.18
Q675996;P2046;14.66
Q82206;P2046;27.95
Q696352;P2046;37.38
Q554291;P2046;6.15
Q558654;P2046;41.46
Q564270;P2046;2.39
Q81907;P2046;8.21
Q554004;P2046;4.09
Q20310;P2046;19.19
Q654131;P2046;2.32
Q505835;P2046;7.76
Q503555;P2046;10.31
Q835827;P2046;13.07
Q627771;P2046;20.60
Q653296;P2046;12.27
Q511655;P2046;7.64
Q545938;P2046;4.40
Q503544;P2046;10.51
Q545841;P2046;5.8
Q592234;P2046;10.16
Q691934;P2046;16.05
Q526704;P2046;4.99
Q698555;P2046;4.62
Q642849;P2046;4.31
Q579973;P2046;6.13
Q569580;P2046;2.08
Q702814;P2046;8.03
Q676518;P2046;3.66
Q653115;P2046;4.82
Q573057;P2046;18.88
Q565917;P2046;19.14
Q631608;P2046;7.41
Q627472;P2046;21.25
Q628727;P2046;3.84
Q304398;P2046;2.08
Q200087;P2046;83.15
Q638927;P2046;25.38
Q601057;P2046;4.88
Q681233;P2046;10.17
Q553291;P2046;5.70
Q558847;P2046;13.43
Q180480;P2046;33.27
Q554732;P2046;2.72
Q635467;P2046;6.47
Q631922;P2046;34.71
Q554187;P2046;4.65
Q167171;P2046;2.94
Q1567115;P2046;9.22
Q654004;P2046;3.85
Q285275;P2046;3.97
Q559780;P2046;4.57
Q553288;P2046;6.37
Q554152;P2046;5.34
Q505002;P2046;37.60
Q553361;P2046;7.55
Q339103;P2046;9.22
Q646472;P2046;11.47
Q16074;P2046;18.84
Q625894;P2046;33.68
Q440742;P2046;7.80
Q542809;P2046;33.69
Q480107;P2046;52.43
Q556380;P2046;8.56
Q660887;P2046;14.56
Q554737;P2046;3.74
Q504760;P2046;26.54
Q248106;P2046;7.13
Q686740;P2046;8.72
Q675549;P2046;5.76
Q242572;P2046;49.79
Q678670;P2046;38.57
Q666198;P2046;6.34
Q455897;P2046;12.54
Q11050;P2046;55.96
Q518018;P2046;11.06
Q548178;P2046;5.21
Q568152;P2046;2.58
Q646688;P2046;3.52
Q563113;P2046;6.32
Q71002;P2046;38.82
Q514612;P2046;26.72
Q503970;P2046;21.79
Q581036;P2046;7.31
Q560514;P2046;5.12
Q177933;P2046;4.12
Q561636;P2046;4.61
Q629503;P2046;39.72
Q643150;P2046;4.32
Q572620;P2046;3.51
Q225120;P2046;79.28
Q93231;P2046;9.43
Q647514;P2046;13.32
Q624417;P2046;7.85
Q693018;P2046;34.21
Q693195;P2046;2.39
Q624524;P2046;21.29
Q22532;P2046;5.29
Q503307;P2046;9.84
Q20298;P2046;10.69
Q553306;P2046;4.33
Q81465;P2046;17.1
Q386507;P2046;18.15
Q552677;P2046;5.79
Q505642;P2046;36.17
Q653195;P2046;4.49
Q551777;P2046;9.06
Q652106;P2046;5.57
Q514971;P2046;16.16
Q256533;P2046;80.11
Q559192;P2046;6.32
Q11052;P2046;71.78
Q641565;P2046;9.53
Q567283;P2046;2.19
Q504990;P2046;27.75
Q506368;P2046;7.82
Q646491;P2046;2.51
Q371728;P2046;10.05
Q629653;P2046;9.75
Q528786;P2046;12.02
Q631552;P2046;12.15
Q690531;P2046;109.38
Q633768;P2046;5.62
Q564715;P2046;1.61
Q198396;P2046;23.41
Q627705;P2046;14.00
Q685232;P2046;12.56
Q702948;P2046;26.83
Q647021;P2046;3.41
Q654687;P2046;4.96
Q529373;P2046;26.71
Q523805;P2046;12.81
Q562431;P2046;2.83
Q674243;P2046;9.09
Q165818;P2046;6.24
Q657288;P2046;32.93
Q641578;P2046;4.5
Q440661;P2046;16.09
Q561594;P2046;3.48
Q569105;P2046;13.37
Q370074;P2046;250.76
Q560177;P2046;10.72
Q646750;P2046;3.59
Q284475;P2046;7.09
Q632085;P2046;8.76
Q553970;P2046;5.34
Q504128;P2046;10.74
Q677067;P2046;3.97
Q574661;P2046;50.24
Q49432;P2046;12.53
Q551702;P2046;2.87
Q592191;P2046;3.61
Q8232;P2046;31.76
Q515300;P2046;3.18
Q642290;P2046;2.63
Q632679;P2046;14.23
Q513048;P2046;50.11
Q302192;P2046;3.4
Q507100;P2046;29.41
Q564359;P2046;17.11
Q567622;P2046;2.32
Q254933;P2046;64.72
Q583943;P2046;25.52
Q502158;P2046;21.98
Q631974;P2046;12.47
Q506603;P2046;46.37
Q654804;P2046;3.20
Q528809;P2046;16.63
Q545762;P2046;14.89
Q649607;P2046;2.85
Q565891;P2046;13.12
Q556091;P2046;16.36
Q526480;P2046;20.42
Q516362;P2046;22.50
Q652907;P2046;12.46
Q502553;P2046;22.24
Q652200;P2046;5.08
Q622589;P2046;21.26
Q647162;P2046;5.61
Q548626;P2046;1.94
Q652191;P2046;10.21
Q503981;P2046;20.46
Q3485;P2046;1.97
Q705742;P2046;11.35
Q676469;P2046;2.20
Q302891;P2046;19.81
Q260736;P2046;16.76
Q634545;P2046;11.08
Q23032;P2046;16.66
Q653283;P2046;6.90
Q261524;P2046;15.02
Q635314;P2046;5.71
Q558203;P2046;2.79
Q504740;P2046;5.23
Q654700;P2046;5.53
Q546032;P2046;6.68
Q551682;P2046;8.54
Q503900;P2046;15.74
Q623367;P2046;44.75
Q1766780;P2046;8.81
Q702576;P2046;13.45
Q504089;P2046;22.74
Q565329;P2046;2.86
Q648736;P2046;4.08
Q641972;P2046;1.39
Q636456;P2046;7.97
Q552685;P2046;5.45
Q629532;P2046;4.64
Q669151;P2046;11.88
Q523819;P2046;45.76
Q549199;P2046;12.8
Q700258;P2046;34.21
Q504925;P2046;18.95
Q251136;P2046;49.38
Q555717;P2046;7.28
Q554236;P2046;5.77
Q697979;P2046;11.86
Q254786;P2046;37.81
Q647605;P2046;4.38
Q504469;P2046;48.62
Q637881;P2046;12.84
Q642327;P2046;7.09
Q510762;P2046;24.03
Q700684;P2046;12.82
Q676231;P2046;9.43
Q373332;P2046;43.21
Q558089;P2046;10.28
Q565338;P2046;3.56
Q704102;P2046;10.74
Q445293;P2046;5.89
Q630938;P2046;3.02
Q818679;P2046;13.66
Q28407;P2046;17.32
Q393098;P2046;6.10
Q48258;P2046;19.62
Q566022;P2046;7.94
Q556609;P2046;11.82
Q555768;P2046;9.92
Q696370;P2046;25.64
Q571447;P2046;11.57
Q648603;P2046;3.33
Q565264;P2046;4.39
Q558146;P2046;38.94
Q554055;P2046;9.11
Q520870;P2046;14.55
Q564721;P2046;4.78
Q268941;P2046;7.02
Q93243;P2046;41.66
Q242632;P2046;42.18
Q701881;P2046;11.38
Q167661;P2046;11.49
Q556267;P2046;3.98
Q567706;P2046;2.94
Q53793;P2046;18.82
Q836717;P2046;30.29
Q538209;P2046;7.1
Q20308;P2046;28.23
Q438894;P2046;3.15
Q557027;P2046;2.09
Q302809;P2046;25.25
Q563108;P2046;4.85
Q203121;P2046;13.50
Q356229;P2046;18.67
Q637521;P2046;5.07
Q629066;P2046;20.25
Q546740;P2046;7.44
Q11046;P2046;63.03
Q702988;P2046;27.72
Q503035;P2046;4.58
Q1471441;P2046;12.36
Q491818;P2046;26.73
Q632498;P2046;3.55
Q561723;P2046;5.28
Q504854;P2046;9.58
Q547040;P2046;10.71
Q627714;P2046;9.52
Q633866;P2046;10.32
Q647439;P2046;8.61
Q546300;P2046;24.1
Q553509;P2046;9.31
Q540835;P2046;35.78
Q634224;P2046;22.32
Q543991;P2046;36.31
Q534872;P2046;41.28
Q553351;P2046;11.87
Q554051;P2046;15.36
Q516532;P2046;11.41
Q555239;P2046;3.90
Q559641;P2046;5.78
Q693168;P2046;4.66
Q656084;P2046;7.36
Q569144;P2046;3.13
Q232718;P2046;32.10
Q689501;P2046;12.21
Q569147;P2046;2.24
Q567036;P2046;70.05
Q566978;P2046;5.46
Q255903;P2046;26.48
Q559374;P2046;90.69
Q648820;P2046;5.59
Q508189;P2046;6.84
Q656289;P2046;16.71
Q314425;P2046;22.76
Q503174;P2046;23.80
Q248860;P2046;19.53
Q565908;P2046;44.09
Q647738;P2046;5.71
Q57801;P2046;31.67
Q48248;P2046;7.29
Q614964;P2046;16.61
Q253780;P2046;13.68
Q648515;P2046;4.79
Q633724;P2046;10.86
Q700677;P2046;5.66
Q80508;P2046;15.64
Q39791;P2046;70.39
Q544776;P2046;27.32
Q546933;P2046;17.82
Q633668;P2046;6.24
Q124365;P2046;6.55
Q638852;P2046;5.95
Q563022;P2046;7.07
Q545308;P2046;20.88
Q689148;P2046;15.27
Q627597;P2046;18.08
Q20836;P2046;5.78
Q668781;P2046;17.87
Q255752;P2046;37.73
Q538724;P2046;5.04
Q165607;P2046;26.05
Q641828;P2046;4.84
Q630264;P2046;30.66
Q659998;P2046;13.49
Q507049;P2046;11.50
Q565001;P2046;7.73
Q662580;P2046;20.21
Q176335;P2046;3.57
Q564579;P2046;44.83
Q565849;P2046;2.82
Q555763;P2046;17.73
Q554205;P2046;7.85
Q643111;P2046;1.59
Q651284;P2046;1.55
Q572854;P2046;6.55
Q651241;P2046;4.66
Q47030;P2046;5.06
Q369649;P2046;9.26
Q428389;P2046;45.6
Q524262;P2046;8.29
Q555667;P2046;8.37
Q567271;P2046;8.38
Q633154;P2046;19.52
Q506502;P2046;20.50
Q562888;P2046;2.73
Q630725;P2046;12.8
Q504417;P2046;2.72
Q127030;P2046;5.74
Q83255;P2046;14.15
Q667354;P2046;7.86
Q508870;P2046;3.55
Q477057;P2046;3.51
Q507455;P2046;12.50
Q505582;P2046;5.17
Q93233;P2046;54.22
Q819114;P2046;12.52
Q556643;P2046;5.8
Q633959;P2046;2.03
Q697618;P2046;20.65
Q553453;P2046;7.49
Q81572;P2046;10.95
Q570860;P2046;6.99
Q550297;P2046;23.91
Q690259;P2046;25.40
Q80514;P2046;24.62
Q636611;P2046;16.81
Q639088;P2046;4.30
Q553030;P2046;32.93
Q567845;P2046;2.57
Q537414;P2046;20.96
Q645430;P2046;16.23
Q2633394;P2046;18.50
Q562893;P2046;2.09
Q564484;P2046;3.87
Q696527;P2046;14.91
Q201232;P2046;4.12
Q501888;P2046;8.04
Q505424;P2046;29.09
Q654015;P2046;3.33
Q647273;P2046;8.82
Q549177;P2046;9.96
Q555801;P2046;4.24
Q680535;P2046;1.33
Q570381;P2046;26.47
Q635514;P2046;13.17
Q654241;P2046;3.59
Q561627;P2046;4.52
Q572283;P2046;4.15
Q554817;P2046;5.01
Q567266;P2046;7.24
Q647755;P2046;3.85
Q643324;P2046;4.54
Q557121;P2046;13.66
Q565169;P2046;4.11
Q561755;P2046;3.40
Q552430;P2046;42.57
Q629874;P2046;22.4
Q506034;P2046;8.91
Q370852;P2046;25.93
Q566056;P2046;3.13
Q554846;P2046;9.77
Q503550;P2046;15.64
Q642278;P2046;7.07
Q573466;P2046;2.23
Q552545;P2046;6.87
Q81539;P2046;14.53
Q551872;P2046;3.67
Q641570;P2046;3.34
Q628949;P2046;7.02
Q549641;P2046;8.36
Q254967;P2046;19.49
Q559772;P2046;6.74
Q625792;P2046;40.74
Q600380;P2046;8.41
Q563062;P2046;2.40
Q93289;P2046;10.76
Q505888;P2046;2.89
Q648358;P2046;25.67
Q604234;P2046;17.25
Q1818;P2046;8.1
Q564998;P2046;5.16
Q676609;P2046;3.25
Q554273;P2046;4.64
Q536304;P2046;16.31
Q561573;P2046;2.88
Q654617;P2046;11.39
Q503819;P2046;51.88
Q563749;P2046;3.78
Q427086;P2046;8.13
Q132081;P2046;11.86
Q628957;P2046;26.69
Q93225;P2046;26.65
Q93285;P2046;11.51
Q505979;P2046;17.86
Q565929;P2046;80.24
Q644885;P2046;1.41
Q559419;P2046;6.18
Q508015;P2046;65.11
Q551960;P2046;3.41
Q632477;P2046;12.65
Q505295;P2046;21.42
Q647622;P2046;2.30
Q335158;P2046;30.99
Q565871;P2046;3.84
Q573064;P2046;1.69
Q114371;P2046;37.05
Q502493;P2046;12.96
Q514556;P2046;32.44
Q651292;P2046;7.05
Q678887;P2046;20.58
Q630053;P2046;4.70
Q561543;P2046;3.87
Q502585;P2046;15.25
Q613942;P2046;13.44
Q561776;P2046;3.21
Q274658;P2046;25.77
Q555721;P2046;9.11
Q645467;P2046;3.77
Q259444;P2046;89.83
Q505571;P2046;8.70
Q563075;P2046;5.26
Q83148;P2046;7.31
Q685288;P2046;18.58
Q258682;P2046;24.70
Q542521;P2046;34.92
Q83048;P2046;40.12
Q561740;P2046;9.13
Q253635;P2046;9.92
Q632458;P2046;2.75
Q567720;P2046;1.13
Q555375;P2046;3.99
Q644878;P2046;2.83
Q177338;P2046;27.69
Q590635;P2046;7.49
Q547380;P2046;8.41
Q676696;P2046;23.53
Q528104;P2046;25.75
Q502602;P2046;163.75
Q556172;P2046;15.33
Q574233;P2046;14.88
Q555041;P2046;4.56
Q634799;P2046;13.45
Q304638;P2046;9.89
Q818860;P2046;4.19
Q630812;P2046;3.08
Q588730;P2046;3.92
Q553399;P2046;9.31
Q624550;P2046;15.37
Q564404;P2046;5.77
Q178532;P2046;13.43
Q521007;P2046;9.27
Q49437;P2046;26.96
Q698838;P2046;15.17
Q560276;P2046;14.24
Q82127;P2046;16.33
Q549731;P2046;118.63
Q373283;P2046;16.35
Q659264;P2046;4.59
Q535565;P2046;21.50
Q566271;P2046;77.53
Q645311;P2046;19.54
Q384719;P2046;9.22
Q646606;P2046;3.73
Q539695;P2046;4.28
Q644269;P2046;5.01
Q683911;P2046;10.02
Q553803;P2046;26.46
Q369050;P2046;10.05
Q83025;P2046;15.25
Q571444;P2046;5.23
Q80725;P2046;11.69
Q118540;P2046;33.95
Q520473;P2046;10.98
Q702981;P2046;19.97
Q556370;P2046;0.85
Q554339;P2046;5.43
Q553818;P2046;1.39
Q564674;P2046;4.45
Q175383;P2046;10.01
Q164477;P2046;4.29
Q628399;P2046;30.01
Q561176;P2046;23.94
Q491617;P2046;29.85
Q503367;P2046;30.67
Q6219;P2046;94.35
Q566110;P2046;18.08
Q522430;P2046;57.49
Q511842;P2046;15.38
Q519972;P2046;26.51
Q563887;P2046;5.15
Q637067;P2046;35.37
Q433130;P2046;20.42
Q52247;P2046;26.67
Q567676;P2046;15.18
Q163917;P2046;48.11
Q513853;P2046;17.02
Q203473;P2046;9.18
Q304275;P2046;19.03
Q388914;P2046;3.04
Q660583;P2046;1.59
Q648865;P2046;4.43
Q550659;P2046;15.81
Q646315;P2046;7.41
Q46885;P2046;4.73
Q226999;P2046;3.18
Q269397;P2046;16.04
Q562455;P2046;9.77
Q642661;P2046;7.50
Q507819;P2046;10.84
Q437200;P2046;43.17
Q694152;P2046;2.60
Q20780;P2046;9.07
Q567823;P2046;11.89
Q676892;P2046;44.18
Q404041;P2046;37.3
Q502488;P2046;15.62
Q556795;P2046;17.39
Q81372;P2046;22.45
Q547683;P2046;19.84
Q654707;P2046;3.08
Q370612;P2046;38.9
Q697594;P2046;20.66
Q502524;P2046;17.37
Q564528;P2046;2.84
Q482595;P2046;44.45
Q819218;P2046;19.84
Q651052;P2046;6.52
Q520958;P2046;8.56
Q632187;P2046;7.21
Q551691;P2046;10.4
Q563710;P2046;3.57
Q565207;P2046;2.55
Q355390;P2046;51.95
Q540822;P2046;10.71
Q45972;P2046;14.32
Q638508;P2046;14.49
Q617185;P2046;4.50
Q638446;P2046;14.21
Q681990;P2046;2.9
Q516235;P2046;9.14
Q692928;P2046;6.85
Q564286;P2046;26.85
Q503679;P2046;30.03
Q62069;P2046;7.43
Q656297;P2046;5.70
Q61702;P2046;6.19
Q647171;P2046;3.97
Q532000;P2046;34.96
Q367353;P2046;9.16
Q505905;P2046;36.12
Q555223;P2046;4.94
Q702034;P2046;86.46
Q552810;P2046;14.77
Q559908;P2046;6.98
Q510813;P2046;12.59
Q81721;P2046;8.54
Q559835;P2046;5.59
Q602111;P2046;6.29
Q566052;P2046;6.93
Q557825;P2046;10.04
Q628095;P2046;3.63
Q555756;P2046;8.91
Q566762;P2046;1.71
Q667284;P2046;8.69
Q20324;P2046;72.29
Q633679;P2046;34.11
Q562905;P2046;4.60
Q567985;P2046;31.99
Q20794;P2046;15.52
Q546347;P2046;7.22
Q519974;P2046;65.04
Q621894;P2046;15.38
Q558968;P2046;22.85
Q495406;P2046;7.72
Q551818;P2046;56.7
Q566907;P2046;2.76
Q818894;P2046;3.62
Q544980;P2046;12.4
Q643351;P2046;1.29
Q631756;P2046;4.11
Q563966;P2046;2.15
Q696091;P2046;19.84
Q556042;P2046;6.91
Q340899;P2046;9.70
Q569606;P2046;8.82
Q567543;P2046;8.60
Q509084;P2046;43.17
Q583359;P2046;18.58
Q552607;P2046;6.49
Q122188;P2046;49.72
Q402328;P2046;3.43
Q507424;P2046;9.15
Q638170;P2046;3.85
Q384644;P2046;4.62
Q557093;P2046;11.52
Q650281;P2046;6.33
Q567597;P2046;5.63
Q532430;P2046;2.59
Q572960;P2046;10.95
Q694611;P2046;31.07
Q261630;P2046;11.17
Q638135;P2046;4.59
Q638223;P2046;8.6
Q316804;P2046;9.73
Q332495;P2046;34.31
Q696101;P2046;18.93
Q698716;P2046;12.82
Q642807;P2046;4.68
Q553104;P2046;2.13
Q651498;P2046;6.81
Q505519;P2046;17.13
Q696321;P2046;4.16
Q567873;P2046;5.08
Q558807;P2046;26.97
Q93286;P2046;61.99
Q662258;P2046;9
Q23035;P2046;15.66
Q568072;P2046;26.80
Q510295;P2046;13.63
Q631119;P2046;15.01
Q557834;P2046;31.74
Q529234;P2046;5.44
Q523867;P2046;19.74
Q512016;P2046;33.52
Q279528;P2046;6.31
Q675920;P2046;53.72
Q554220;P2046;6.19
Q81869;P2046;22.67
Q630151;P2046;2.46
Q254025;P2046;26.73
Q593760;P2046;3.47
Q2834;P2046;117.03
Q557204;P2046;13.69
Q651767;P2046;1.66
Q702052;P2046;17.98
Q569623;P2046;16.38
Q655974;P2046;4.09
Q512162;P2046;30.23
Q701869;P2046;10.38
Q373656;P2046;15.07
Q177475;P2046;6.05
Q564370;P2046;20.14
Q700698;P2046;25.16
Q21050;P2046;5.31
Q641562;P2046;4.92
Q564669;P2046;4.81
Q62066;P2046;12.34
Q637690;P2046;4.49
Q629491;P2046;42.07
Q567199;P2046;3.54
Q509987;P2046;9.39
Q501673;P2046;9.55
Q179626;P2046;3.56
Q572622;P2046;20.49
Q647350;P2046;10.42
Q566032;P2046;6.58
Q628224;P2046;5.03
Q377676;P2046;54.88
Q658702;P2046;13.26
Q21134;P2046;27.67
Q531286;P2046;2.62
Q550781;P2046;38.55
Q531957;P2046;22.88
Q648951;P2046;10.61
Q565316;P2046;27.34
Q658647;P2046;2.73
Q541991;P2046;7.98
Q561282;P2046;6.55
Q202715;P2046;10.12
Q81913;P2046;16.35
Q279230;P2046;70.44
Q562985;P2046;21.82
Q553572;P2046;6.06
Q582545;P2046;41.54
Q674431;P2046;2.01
Q683833;P2046;14.52
Q622576;P2046;23.36
Q127458;P2046;3.39
Q560257;P2046;9.64
Q627879;P2046;11.37
Q629853;P2046;7.45
Q564036;P2046;3.97
Q573015;P2046;34.71
Q652602;P2046;12.26
Q684890;P2046;6.62
Q41816;P2046;17.2
Q631875;P2046;5.48
Q665610;P2046;18.91
Q561151;P2046;2.04
Q563720;P2046;4.56
Q546162;P2046;5.71
Q21013;P2046;14.89
Q513882;P2046;23.14
Q53913;P2046;36.27
Q545275;P2046;15.53
Q644260;P2046;4.31
Q283850;P2046;2.95
Q184166;P2046;27.85
Q666356;P2046;12.99
Q567442;P2046;18.63
Q635324;P2046;11.79
Q647113;P2046;4.08
Q702932;P2046;13.31
Q643665;P2046;10.55
Q545723;P2046;12.52
Q681063;P2046;6.76
Q643118;P2046;5.45
Q641532;P2046;3.88
Q280952;P2046;15.71
Q372198;P2046;19.16
Q681262;P2046;5.06
Q518944;P2046;16.95
Q549052;P2046;11.93
Q436841;P2046;37.64
Q659966;P2046;4.21
Q552531;P2046;3.09
Q550866;P2046;43.79
Q645217;P2046;5.09
Q21052;P2046;10.82
Q628778;P2046;9.12
Q705038;P2046;28.05
Q564584;P2046;4.05
Q702990;P2046;26.92
Q665072;P2046;5.50
Q631532;P2046;10.34
Q567785;P2046;9.31
Q574223;P2046;5.86
Q635503;P2046;7.4
Q183262;P2046;76.22
Q651055;P2046;6.97
Q532790;P2046;9.32
Q667113;P2046;6.77
Q368097;P2046;10.15
Q556639;P2046;25.63
Q574459;P2046;33.29
Q267865;P2046;17.67
Q47032;P2046;5.53
Q572977;P2046;3.05
Q637319;P2046;6.77
Q685388;P2046;29.66
Q175746;P2046;17.56
Q445812;P2046;8.9
Q81314;P2046;4.80
Q565853;P2046;34.03
Q562999;P2046;1.67
Q634198;P2046;11.71
Q243079;P2046;79.49
Q563199;P2046;4.92
Q80618;P2046;3.48
Q566563;P2046;26.69
Q567256;P2046;6.92
Q141629;P2046;7.73
Q83080;P2046;7.43
Q519997;P2046;14.11
Q681047;P2046;12.71
Q554872;P2046;4.93
Q694158;P2046;3.63
Q556295;P2046;3.83
Q82905;P2046;5.34
Q437283;P2046;12.13
Q518830;P2046;9.8
Q555630;P2046;6.1
Q562595;P2046;4.76
Q629168;P2046;3.89
Q28050;P2046;19.64
Q472886;P2046;2.87
Q132827;P2046;2.49
Q93228;P2046;40.48
Q679255;P2046;4.02
Q642473;P2046;2.13
Q640202;P2046;4.78
Q474475;P2046;104.67
Q642042;P2046;1.68
Q254692;P2046;6.45
Q556628;P2046;14.60
Q635332;P2046;15.25
Q635461;P2046;19.75
Q567234;P2046;4.31
Q540876;P2046;13.01
Q521085;P2046;24.39
Q528465;P2046;21.05
Q546975;P2046;9.44
Q526451;P2046;2.52
Q240964;P2046;137.82
Q640427;P2046;4.45
Q556021;P2046;16.91
Q574210;P2046;8.56
Q565300;P2046;2.39
Q567293;P2046;5.80
Q249684;P2046;4.18
Q524315;P2046;17.55
Q506180;P2046;25.74
Q638196;P2046;6.92
Q701278;P2046;20.91
Q529216;P2046;12.69
Q634156;P2046;13.56
Q389626;P2046;13.24
Q670395;P2046;1.9
Q260245;P2046;58.98
Q818657;P2046;2.42
Q638459;P2046;10.07
Q646714;P2046;9.42
Q698615;P2046;10.21
Q676432;P2046;4.36
Q127200;P2046;5.90
Q537743;P2046;44.48
Q541982;P2046;12.31
Q512536;P2046;43.6
Q505542;P2046;23.26
Q657740;P2046;2.31
Q3530;P2046;8.045
Q532859;P2046;16.22
Q377715;P2046;45.69
Q504169;P2046;23.26
Q22966;P2046;5.45
Q660477;P2046;6.83
Q553703;P2046;11.86
Q603066;P2046;9.27
Q818626;P2046;3.95
Q565254;P2046;22.11
Q204585;P2046;11.89
Q641522;P2046;6.79
Q555597;P2046;53.49
Q678348;P2046;9.49
Q554821;P2046;7.13
Q553869;P2046;2.72
Q533652;P2046;37.75
Q696175;P2046;9.41
Q561529;P2046;2.55
Q532970;P2046;20.00
Q82225;P2046;6.48
Q504933;P2046;42.91
Q255106;P2046;53.45
Q697334;P2046;8.90
Q551393;P2046;4.69
Q526741;P2046;5.92
Q533626;P2046;39.6
Q646584;P2046;5.99
Q633973;P2046;11.78
Q62121;P2046;10.18
Q383134;P2046;8.48
Q575372;P2046;3.6
Q818822;P2046;3.86
Q630959;P2046;3.91
Q562954;P2046;4.89
Q622463;P2046;44.81
Q555562;P2046;12.56
Q632447;P2046;14.77
Q6467;P2046;19.53
Q564994;P2046;2.43
Q472964;P2046;4.49
Q569837;P2046;10.75
Q659393;P2046;14.68
Q646401;P2046;4.75
Q1420418;P2046;5.89
Q182248;P2046;51.6
Q564263;P2046;2.74
Q503950;P2046;5.30
Q510734;P2046;23.48
Q505566;P2046;15.33
Q627440;P2046;52.11
Q566961;P2046;6.66
Q525864;P2046;19.26
Q564724;P2046;10.85
Q569296;P2046;11.86
Q641225;P2046;3.99
Q565248;P2046;9.36
Q562425;P2046;5.27
Q514600;P2046;6.22
Q675517;P2046;4.45
Q20787;P2046;10.87
Q260566;P2046;26.39
Q513796;P2046;33.74
Q559157;P2046;10.00
Q256278;P2046;40.32
Q558961;P2046;11.20
Q570275;P2046;4.27
Q633946;P2046;10.35
Q704170;P2046;21.34
Q566435;P2046;9.21
Q504412;P2046;28.43
Q256575;P2046;28.46
Q561291;P2046;6.38
Q571432;P2046;8.12
Q524034;P2046;31.58
Q550777;P2046;1.89
Q651665;P2046;10.80
Q676597;P2046;3.84
Q376251;P2046;8.11
Q563950;P2046;10.16
Q93254;P2046;63.81
Q627608;P2046;4.43
Q557158;P2046;4.19
Q564600;P2046;3.92
Q631638;P2046;14.63
Q527328;P2046;3.53
Q879546;P2046;12.13
Q206686;P2046;18.18
Q179977;P2046;5.14
Q818857;P2046;2.61
Q630928;P2046;5.69
Q205860;P2046;25.76
Q706930;P2046;46.36
Q500277;P2046;58.09
Q573052;P2046;5.70
Q504910;P2046;14.01
Q262790;P2046;12.86
Q649020;P2046;9.04
Q555748;P2046;6.93
Q704150;P2046;8.83
Q625379;P2046;23.77
Q163772;P2046;30.98
Q550620;P2046;6.1
Q508216;P2046;6.32
Q634495;P2046;8.78
Q563841;P2046;7.47
Q680877;P2046;4.21
Q428252;P2046;3.01
Q23018;P2046;14.79
Q529228;P2046;7.61
Q200743;P2046;39.03
Q551645;P2046;13.6
Q563777;P2046;2.92
Q665852;P2046;6.92
Q643389;P2046;6.92
Q552640;P2046;6.57
Q699340;P2046;15.61
Q180961;P2046;38.67
Q21017;P2046;7.71
Q698545;P2046;18.23
Q518878;P2046;11.14
Q545828;P2046;16.00
Q681095;P2046;9.25
Q553319;P2046;6.17
Q431175;P2046;7.4
Q355526;P2046;9.7
Q81686;P2046;4.38
Q634528;P2046;15.24
Q706311;P2046;16.65
Q1479359;P2046;2.21
Q6692;P2046;43.5
Q569746;P2046;4.42
Q622107;P2046;55.69
Q203777;P2046;5.92
Q562391;P2046;4.76
Q665036;P2046;26.00
Q565362;P2046;2.79
Q640145;P2046;31.11
Q555381;P2046;8.21
Q53805;P2046;22.18
Q568172;P2046;3.41
Q555318;P2046;13.91
Q632493;P2046;8.15
Q650726;P2046;8.87
Q511998;P2046;10.66
Q525766;P2046;2.89
Q551483;P2046;19.09
Q629368;P2046;4.32
Q533853;P2046;10.13
Q565905;P2046;12.63
Q630743;P2046;40.01
Q646786;P2046;4.04
Q643077;P2046;4.62
Q205105;P2046;9.63
Q427511;P2046;1.31
Q570392;P2046;17.57
Q557734;P2046;20.14
Q701455;P2046;5.62
Q563873;P2046;1.56
Q80458;P2046;10.29
Q647068;P2046;5.46
Q31586;P2046;45.76
Q315361;P2046;3.68
Q566935;P2046;1.45
Q6724;P2046;20.06
Q553513;P2046;3.56
Q20273;P2046;21.55
Q572352;P2046;16.28
Q656016;P2046;3.73
Q561233;P2046;13.73
Q20796;P2046;18.5
Q550790;P2046;25.39
Q690224;P2046;33.94
Q551694;P2046;6.64
Q673798;P2046;4.00
Q690748;P2046;5.44
Q258208;P2046;5.77
Q503872;P2046;16.91
Q164363;P2046;16.2
Q570466;P2046;10.39
Q633543;P2046;7.82
Q641254;P2046;2.38
Q698574;P2046;11.76
Q258295;P2046;8.69
Q181914;P2046;12.77
Q652209;P2046;11.13
Q639382;P2046;15.19
Q25125;P2046;6.5
Q674420;P2046;2.80
Q547520;P2046;20.26
Q21016;P2046;3.54
Q258993;P2046;14.13
Q650746;P2046;4.98
Q48260;P2046;12.79
Q174883;P2046;13.42
Q546420;P2046;27.37
Q389741;P2046;6.03
Q561558;P2046;1.46
Q567717;P2046;21.02
Q177500;P2046;29.61
Q678382;P2046;3.57
Q506313;P2046;16.99
Q202367;P2046;4.50
Q701404;P2046;14.61
Q548995;P2046;6.62
Q705187;P2046;1.92
Q637400;P2046;6.31
Q680459;P2046;9.97
Q646743;P2046;19.08
Q564678;P2046;2.45
Q564640;P2046;5.35
Q550433;P2046;21.1
Q559475;P2046;16.73
Q545978;P2046;3.66
Q562506;P2046;1.83
Q506050;P2046;12.71
Q647329;P2046;3.92
Q57736;P2046;21.19
Q50934;P2046;13.49
Q673996;P2046;3.26
Q696587;P2046;11.06
Q551833;P2046;12.79
Q533995;P2046;4.11
Q567514;P2046;2.44
Q561694;P2046;25.14
Q628431;P2046;13.77
Q653129;P2046;5.5
Q567689;P2046;3.32
Q509410;P2046;10.65
Q633608;P2046;37.65
Q83220;P2046;4.23
Q585277;P2046;7.77
Q502612;P2046;19.23
Q566747;P2046;8.53
Q533392;P2046;16.36
Q656268;P2046;11.01
Q553848;P2046;3.83
Q367112;P2046;11.50
Q644704;P2046;3.81
Q692826;P2046;39.09
Q591473;P2046;2.49
Q712847;P2046;9.08
Q629376;P2046;3.35
Q529896;P2046;70.89
Q553221;P2046;22.43
Q666286;P2046;3.66
Q20786;P2046;2.6
Q11126;P2046;73.79
Q632649;P2046;6.58
Q117601;P2046;3.85
Q505809;P2046;14.66
Q555775;P2046;15.03
Q263291;P2046;15.95
Q502154;P2046;33.76
Q523245;P2046;69.43
Q563738;P2046;4.46
Q569776;P2046;1.76
Q627666;P2046;4.77
Q553271;P2046;23.7
Q374514;P2046;13.81
Q702985;P2046;10.52
Q553070;P2046;6.95
Q678762;P2046;7.51
Q553267;P2046;6.54
Q636021;P2046;18.68
Q544357;P2046;52.6
Q674640;P2046;3.68
Q513182;P2046;5.46
Q567619;P2046;1.33
Q560446;P2046;4.02
Q638809;P2046;14.02
Q640414;P2046;15.67
Q654093;P2046;5.27
Q71057;P2046;11.11
Q168972;P2046;18.47
Q432528;P2046;41.17
Q506608;P2046;7.68
Q664924;P2046;3.16
Q544462;P2046;38.85
Q556394;P2046;11.8
Q505400;P2046;7.74
Q557084;P2046;9.13
Q168333;P2046;2.73
Q674099;P2046;3.45
Q511883;P2046;11.67
Q609223;P2046;12.18
Q641107;P2046;3.91
Q653097;P2046;12.51
Q510922;P2046;6.48
Q662193;P2046;6.42
Q478527;P2046;27.64
Q81075;P2046;35.1
Q588635;P2046;5.84
Q1562;P2046;19.3
Q676918;P2046;7.34
Q632943;P2046;4.79
Q504486;P2046;14.34
Q658842;P2046;18.47
Q566758;P2046;6.72
Q641385;P2046;5.25
Q635178;P2046;5.57
Q697215;P2046;37.97
Q561736;P2046;2.3
Q22534;P2046;2.57
Q635010;P2046;19.43
Q200275;P2046;53.39
Q676382;P2046;2.60
Q554215;P2046;16.41
Q557326;P2046;30
Q547882;P2046;24.14
Q83218;P2046;34.24
Q632049;P2046;9.49
Q254076;P2046;35.39
Q544172;P2046;8.45
Q489250;P2046;13.89
Q552786;P2046;2.41
Q653864;P2046;18.27
Q507370;P2046;3.94
Q435325;P2046;61.54
Q529831;P2046;60.78
Q555328;P2046;3.77
Q656811;P2046;8.87
Q702995;P2046;16.05
Q645575;P2046;4.07
Q598363;P2046;11.83
Q502817;P2046;24.56
Q83033;P2046;12.95
Q696138;P2046;7.33
Q557182;P2046;27.05
Q81419;P2046;13.17
Q80511;P2046;8.06
Q432170;P2046;3.1
Q635542;P2046;5.1
Q559199;P2046;22.74
Q547269;P2046;17.09
Q632671;P2046;37.93
Q551663;P2046;34.24
Q254467;P2046;43.75
Q117919;P2046;12
Q521630;P2046;37.46
Q6111;P2046;51.08
Q504765;P2046;5.13
Q514312;P2046;19.87
Q280188;P2046;26.10
Q638295;P2046;49.9
Q442406;P2046;5.75
Q2307369;P2046;3.22
Q558811;P2046;17.14
Q339197;P2046;6.17
Q1806;P2046;6.8
Q665187;P2046;6.72
Q442824;P2046;13.34
Q818533;P2046;18.00
Q678845;P2046;10.22
Q529409;P2046;32.22
Q316088;P2046;5.67
Q515065;P2046;16.22
Q641490;P2046;1.52
Q774406;P2046;18.40
Q328714;P2046;17.23
Q687922;P2046;6.01
Q561681;P2046;9.03
Q678738;P2046;13.03
Q638417;P2046;44.32
Q505751;P2046;9.21
Q37606;P2046;3.13
Q632288;P2046;10.69
Q554664;P2046;44.17
Q53788;P2046;23.69
Q684432;P2046;8.89
Q651727;P2046;19.77
Q632373;P2046;2.7
Q704750;P2046;13.45
Q574252;P2046;10.27
Q694136;P2046;3.87
Q674840;P2046;10.12
Q555709;P2046;7.4
Q245542;P2046;67.29
Q583394;P2046;34.93
Q631732;P2046;2.55
Q538630;P2046;9.33
Q274288;P2046;19.5
Q17130;P2046;21.26
Q376001;P2046;15.84
Q561274;P2046;2.05
Q274990;P2046;67.74
Q643131;P2046;19.12
Q639623;P2046;20.01
Q385687;P2046;12.92
Q696357;P2046;21.47
Q503814;P2046;4.57
Q643312;P2046;26.41
Q551382;P2046;7.82
Q556820;P2046;5.48
Q702973;P2046;19.09
Q509320;P2046;10.4
Q641798;P2046;5.92
Q49436;P2046;13.32
Q645547;P2046;2.79
Q562793;P2046;3.65
Q581630;P2046;17.40
Q553838;P2046;25.43
Q675890;P2046;10.51
Q648610;P2046;11.47
Q596662;P2046;30.82
Q877069;P2046;10.17
Q16061;P2046;40.25
Q543952;P2046;5.11
Q653257;P2046;10.65
Q81059;P2046;31.28
Q278609;P2046;6.36
Q943232;P2046;4.16
Q551718;P2046;4.02
Q567114;P2046;5.63
Q204953;P2046;3.8
Q16061606;P2046;5.04
Q546888;P2046;5.91
Q508714;P2046;29.15
Q558956;P2046;13.95
Q631796;P2046;6.33
Q640354;P2046;5.86
Q688586;P2046;20.62
Q564026;P2046;1.89
Q1588143;P2046;9.04
Q553295;P2046;5.26
Q641371;P2046;6.79
Q634840;P2046;6.30
Q81350;P2046;42.14
Q370556;P2046;4
Q655303;P2046;6.05
Q590019;P2046;6.62
Q676008;P2046;19.59
Q573458;P2046;55.61
Q621483;P2046;43.1
Q564400;P2046;8.56
Q654333;P2046;3.22
Q649035;P2046;15.05
Q549022;P2046;21.77
Q664857;P2046;39.95
Q508611;P2046;25.98
Q520347;P2046;21.64
Q555712;P2046;5.89
Q566866;P2046;6.60
Q702570;P2046;29.36
Q561622;P2046;3.33
Q241303;P2046;7.46
Q643198;P2046;2.46
Q631989;P2046;16.96
Q542849;P2046;13.18
Q386673;P2046;2.17
Q624709;P2046;25.26
Q630853;P2046;39.83
Q53757;P2046;27.02
Q697856;P2046;27.05
Q170020;P2046;20.88
Q545191;P2046;34.89
Q553688;P2046;6.16
Q560972;P2046;100.68
Q526069;P2046;9.94
Q641481;P2046;17.05
Q177362;P2046;10.74
Q641354;P2046;2.56
Q545526;P2046;10.23
Q518138;P2046;31.48
Q657065;P2046;5.37
Q641525;P2046;6.05
Q477513;P2046;3.99
Q504813;P2046;45.30
Q707389;P2046;13.62
Q567134;P2046;4.65
Q628077;P2046;16.58
Q643366;P2046;3.39
Q554043;P2046;64.25
Q556787;P2046;7.08
Q687966;P2046;7.77
Q562832;P2046;2.21
Q696112;P2046;11.11
Q565278;P2046;4.27
Q518786;P2046;19.08
Q648652;P2046;5.13
Q625880;P2046;41.5
Q556954;P2046;14.54
Q1815;P2046;7.9
Q562826;P2046;3.81
Q632161;P2046;21.39
Q186680;P2046;12.6
Q264501;P2046;6.41
Q654040;P2046;7.22
Q255796;P2046;10.68
Q641623;P2046;7.82
Q647195;P2046;2.26
Q559769;P2046;13.86
Q551789;P2046;11.9
Q567687;P2046;2.22
Q678360;P2046;18.68
Q545048;P2046;12.35
Q565762;P2046;12.99
Q532842;P2046;25.62
Q643333;P2046;5.25
Q565825;P2046;8.84
Q556549;P2046;8.35
Q642652;P2046;6.32
Q675640;P2046;18.58
Q583351;P2046;33.56
Q503824;P2046;12.35
Q448894;P2046;21.56
Q566750;P2046;3.65
Q562839;P2046;3.46
Q564006;P2046;2.15
Q542892;P2046;20.05
Q46760;P2046;21.86
Q2498834;P2046;7.29
Q676491;P2046;5.32
Q643159;P2046;1.88
Q22525;P2046;5.26
Q508919;P2046;7.74
Q554134;P2046;22.08
Q560905;P2046;8.74
Q676906;P2046;4.79
Q503766;P2046;14.44
Q638918;P2046;4.35
Q566603;P2046;12.03
Q552442;P2046;6.86
Q545920;P2046;14.49
Q674551;P2046;3.65
Q184632;P2046;2.96
Q559083;P2046;9.49
Q659085;P2046;4.21
Q645361;P2046;6.86
Q569313;P2046;2.51
Q334597;P2046;14.09
Q505488;P2046;62.22
Q383783;P2046;10.69
Q83293;P2046;15.59
Q370660;P2046;1.46
Q20338;P2046;20.54
Q653854;P2046;3.42
Q635259;P2046;4.30
Q646797;P2046;8.94
Q503908;P2046;24.46
Q81999;P2046;38.65
Q282312;P2046;21.05
Q546612;P2046;6.15
Q53911;P2046;33.78
Q625884;P2046;40.47
Q552403;P2046;9.90
Q562703;P2046;4.43
Q138802;P2046;8.34
Q561261;P2046;3.31
Q634463;P2046;116.45
Q567510;P2046;9.99
Q632981;P2046;16.38
Q559118;P2046;10.94
Q390368;P2046;11.62
Q189373;P2046;24.38
Q2253872;P2046;7.30
Q201292;P2046;15.2
Q120302;P2046;8.5
Q522968;P2046;24.82
Q428736;P2046;47.52
Q564517;P2046;3.37
Q81431;P2046;22.80
Q81712;P2046;9.22
Q269617;P2046;41.70
Q546512;P2046;20.17
Q204041;P2046;5.48
Q257284;P2046;23.12
Q647285;P2046;7.11
Q539077;P2046;5.08
Q567671;P2046;0.98
Q676257;P2046;3.47
Q573006;P2046;28.14
Q437711;P2046;11.12
Q436804;P2046;7.88
Q384058;P2046;0.89
Q524334;P2046;17.32
Q533966;P2046;11.14
Q564983;P2046;3.26
Q547257;P2046;60.77
Q334653;P2046;5.76
Q676205;P2046;3.50
Q644109;P2046;5.77
Q651400;P2046;9.10
Q643163;P2046;5.62
Q552657;P2046;21.49
Q641615;P2046;8.66
Q178479;P2046;4.92
Q818925;P2046;34.05
Q678314;P2046;8.02
Q521626;P2046;7.03
Q572986;P2046;10.23
Q632056;P2046;6.69
Q490442;P2046;18.6
Q653046;P2046;3.8
Q8939;P2046;68.83
Q641984;P2046;3.33
Q572490;P2046;5.04
Q511032;P2046;11.25
Q631811;P2046;5.18
Q501893;P2046;10.21
Q818686;P2046;39.86
Q556213;P2046;24.54
Q104192;P2046;11.91
Q505483;P2046;2.44
Q430840;P2046;3.46
Q656023;P2046;15.80
Q8239;P2046;40.76
Q504304;P2046;18.30
Q668941;P2046;19.26
Q685329;P2046;4.99
Q545418;P2046;8.22
Q651274;P2046;15.52
Q567725;P2046;6.07
Q552679;P2046;23.54
Q538887;P2046;27.51
Q635221;P2046;6.30
Q569126;P2046;6.28
Q674256;P2046;1.01
Q565881;P2046;3.09
Q62030;P2046;7.4
Q654742;P2046;7.10
Q566123;P2046;11.07
Q649769;P2046;33.33
Q674524;P2046;22.51
Q53766;P2046;8.75
Q564233;P2046;2.30
Q167904;P2046;1.56
Q666369;P2046;13.83
Q669065;P2046;2.9
Q641594;P2046;7.31
Q565830;P2046;10.74
Q644748;P2046;2.11
Q247820;P2046;4.2
Q666211;P2046;8.40
Q538011;P2046;23.97
Q648701;P2046;10.48
Q654172;P2046;10.26
Q634760;P2046;37.37
Q490206;P2046;11.43
Q554323;P2046;26.65
Q649391;P2046;12.12
Q505591;P2046;53.93
Q552611;P2046;6.48
Q656236;P2046;9.08
Q169573;P2046;4.97
Q80587;P2046;8.63
Q693934;P2046;4.71
Q546681;P2046;29.87
Q506597;P2046;27.27
Q634032;P2046;1.70
Q553834;P2046;4.22
Q696183;P2046;9.72
Q565113;P2046;17.60
Q571752;P2046;3.24
Q551864;P2046;5.34
Q557146;P2046;16.68
Q505612;P2046;8.52
Q491974;P2046;38.29
Q502108;P2046;24.55
Q567122;P2046;9.42
Q506248;P2046;39.50
Q433090;P2046;15.28
Q561714;P2046;3.15
Q251127;P2046;16.12
Q629457;P2046;4.17
Q61634;P2046;4.05
Q625876;P2046;45.11
Q531714;P2046;25.33
Q569118;P2046;5.18
Q592458;P2046;4.81
Q696535;P2046;29.82
Q565201;P2046;5.03
Q300691;P2046;6.96
Q304109;P2046;6.48
Q648665;P2046;11.28
Q341040;P2046;29.9
Q124324;P2046;7.07
Q567288;P2046;5.81
Q835796;P2046;9.60
Q698217;P2046;5.61
Q632483;P2046;4.88
Q673618;P2046;24.40
Q554084;P2046;10.79
Q635001;P2046;102.68
Q569305;P2046;1.42
Q508822;P2046;19.81
Q305142;P2046;4.91
Q636711;P2046;7.78
Q567409;P2046;19.79
Q562786;P2046;5.32
Q680361;P2046;12.99
Q662717;P2046;13.81
Q697864;P2046;36.31
Q648808;P2046;8.62
Q566740;P2046;3.21
Q643038;P2046;6.51
Q377818;P2046;10.33
Q627424;P2046;10.91
Q387858;P2046;44.99
Q560181;P2046;18.03
Q647046;P2046;4.33
Q499879;P2046;52.59
Q505545;P2046;13.50
Q634743;P2046;30.48
Q551755;P2046;3.34
Q529111;P2046;16.78
Q22984;P2046;4.16
Q22463;P2046;13.02
Q533682;P2046;24.57
Q585591;P2046;22.52
Q633102;P2046;13.42
Q665084;P2046;9.69
Q634819;P2046;30.51
Q558184;P2046;11.45
Q567276;P2046;6.82
Q503339;P2046;22.77
Q694623;P2046;50.96
Q652178;P2046;6.52
Q656279;P2046;3.14
Q552793;P2046;14
Q659275;P2046;7.65
Q71072;P2046;30.89
Q652656;P2046;26.76
Q568164;P2046;7.55
Q621899;P2046;34.26
Q83084;P2046;6.50
Q565746;P2046;5.81
Q563182;P2046;8.03
Q640290;P2046;6.74
Q538975;P2046;3.76
Q539109;P2046;1.44
Q513542;P2046;35.63
Q553843;P2046;2.65
Q405069;P2046;5.58
Q659920;P2046;8.10
Q627659;P2046;17.02
Q17128;P2046;14.79
Q627506;P2046;13.27
Q566279;P2046;21.87
Q631662;P2046;15.3
Q625920;P2046;60.35
Q551815;P2046;2.64
Q642628;P2046;12.41
Q569037;P2046;4.90
Q21046;P2046;2.59
Q650292;P2046;2.74
Q183052;P2046;166.13
Q518171;P2046;5.86
Q562898;P2046;2.84
Q57757;P2046;21.11
Q632071;P2046;6.52
Q503773;P2046;17.54
Q503284;P2046;18.45
Q681125;P2046;6.53
Q546376;P2046;9.37
Q565365;P2046;4.90
Q529710;P2046;22.17
Q641700;P2046;12.43
Q504772;P2046;7.14
Q529947;P2046;3.57
Q526974;P2046;29.45
Q569153;P2046;7.19
Q634591;P2046;7.32
Q629075;P2046;6.62
Q552908;P2046;23.99
Q83374;P2046;12.97
Q83051;P2046;6.77
Q188164;P2046;22.83
Q634706;P2046;66.46
Q646771;P2046;5.10
Q508930;P2046;5.95
Q622549;P2046;41.79
Q636514;P2046;20.40
Q551408;P2046;13.35
Q679400;P2046;3.55
Q524223;P2046;19.04
Q684647;P2046;22.15
Q693007;P2046;3.58
Q559177;P2046;3.09
Q551670;P2046;10.09
Q698521;P2046;9.30
Q83288;P2046;14.13
Q558099;P2046;12.52
Q546651;P2046;5.80
Q82013;P2046;23.05
Q563761;P2046;2.38
Q563733;P2046;14.36
Q633851;P2046;4.13
Q383743;P2046;103.72
Q569279;P2046;2.18
Q563047;P2046;4.54
Q702791;P2046;33.86
Q334666;P2046;62.12
Q542411;P2046;14.86
Q546638;P2046;10.79
Q680444;P2046;13.16
Q556612;P2046;12.73
Q202412;P2046;35.77
Q636551;P2046;3.23
Q646759;P2046;3.27
Q553521;P2046;10.10
Q541226;P2046;3.14
Q355890;P2046;2.94
Q567684;P2046;4.45
Q641482;P2046;22.88
Q20198;P2046;43.97
Q561811;P2046;8.49
Q636470;P2046;8.73
Q656329;P2046;2.29
Q525408;P2046;2.58
Q574864;P2046;4.19
Q20788;P2046;7.86
Q61709;P2046;11.48
Q93287;P2046;31.74
Q378474;P2046;13.34
Q635218;P2046;8.42
Q502869;P2046;24.73
Q524623;P2046;10.01
Q389951;P2046;11.47
Q676444;P2046;3.20
Q702936;P2046;13.86
Q602425;P2046;3.90
Q558107;P2046;15.48
Q186863;P2046;4.4
Q822112;P2046;18.55
Q502820;P2046;15.55
Q632623;P2046;27.48
Q669121;P2046;2.93
Q630251;P2046;9.35
Q555335;P2046;4.21
Q629178;P2046;4.93
Q563954;P2046;3.93
Q555359;P2046;10.95
Q425725;P2046;29.04
Q387845;P2046;10.12
Q629095;P2046;5.86
Q565367;P2046;9.21
Q570258;P2046;16.65
Q653088;P2046;4.40
Q819069;P2046;10.54
Q641731;P2046;25.07
Q643174;P2046;9.81
Q530539;P2046;5.87
Q629094;P2046;15.46
Q524018;P2046;27.39
Q71068;P2046;15.68
Q490326;P2046;19.42
Q567111;P2046;12.71
Q137618;P2046;2.04
Q514747;P2046;20.96
Q559846;P2046;4.73
Q83365;P2046;4.19
Q534700;P2046;3.78
Q692840;P2046;22.71
Q10747;P2046;6.61
Q565797;P2046;2.51
Q504173;P2046;37.01
Q80980;P2046;17.31
Q652146;P2046;13.84
Q62062;P2046;10.95
Q522378;P2046;16.18
Q629844;P2046;4.39
Q23011;P2046;7.63
Q563170;P2046;5.60
Q508592;P2046;11.33
Q648578;P2046;9.46
Q629972;P2046;4.52
Q507274;P2046;15.45
Q437330;P2046;6.44
Q642406;P2046;5.85
Q536022;P2046;20.78
Q80795;P2046;9.68
Q1607937;P2046;15.23
Q627793;P2046;9.93
Q635288;P2046;10.68
Q533471;P2046;13.52
Q634718;P2046;29.98
Q506821;P2046;4.54
Q632429;P2046;10.04
Q651370;P2046;5.60
Q511495;P2046;31.75
Q265312;P2046;25.23
Q629263;P2046;2.27
Q678655;P2046;6.40
Q646432;P2046;3.2
Q267993;P2046;10.95
Q561655;P2046;3.10
Q572696;P2046;11.97
Q534074;P2046;34.18
Q258672;P2046;45.17
Q632512;P2046;8.47
Q93279;P2046;23.35
Q570253;P2046;2.27
Q637995;P2046;4.35
Q641840;P2046;5.64
Q702944;P2046;15.26
Q28402;P2046;7.96
Q557454;P2046;9.36
Q212501;P2046;5.28
Q676219;P2046;5.75
Q633897;P2046;9.11
Q654424;P2046;5.46
Q438341;P2046;7.58
Q822165;P2046;18.76
Q652090;P2046;3.96
Q388527;P2046;5.29
Q656697;P2046;4.50
Q257018;P2046;22
Q561591;P2046;2.68
Q503352;P2046;122.26
Q28349;P2046;4.37
Q17117;P2046;9.7
Q83035;P2046;24.92
Q702072;P2046;17.35
Q83123;P2046;14.91
Q513868;P2046;16.24
Q3518;P2046;15.5
Q288353;P2046;43.4
Q567227;P2046;5.47
Q552134;P2046;11.98
Q622456;P2046;6.39
Q205633;P2046;9.53
Q656264;P2046;12.13
Q636072;P2046;82.57
Q532986;P2046;26.51
Q564396;P2046;9.54
Q567697;P2046;6.42
Q564247;P2046;12.48
Q567292;P2046;4.45
Q569599;P2046;13.34
Q566081;P2046;5.95
Q140123;P2046;9.06
Q519795;P2046;4.03
Q2405;P2046;32.4
Q305299;P2046;9.79
Q818905;P2046;3.23
Q632520;P2046;5.91
Q555267;P2046;7.55
Q83300;P2046;17.92
Q565116;P2046;4.45
Q560933;P2046;3.98
Q678819;P2046;2.84
Q524809;P2046;2.94
Q558127;P2046;17.94
Q682031;P2046;1.52
Q556390;P2046;8.96
Q1657916;P2046;5.71
Q642160;P2046;5.82
Q258790;P2046;13.58
Q632924;P2046;13.27
Q509282;P2046;44.85
Q642392;P2046;2.39
Q628876;P2046;10.66
Q667454;P2046;6.50
Q45964;P2046;56.33
Q559960;P2046;8.15
Q509305;P2046;20.82
Q656799;P2046;8.05
Q564524;P2046;2.74
Q689724;P2046;20.23
Q566039;P2046;16.9
Q558675;P2046;16.28
Q522417;P2046;12.31
Q525912;P2046;4.78
Q3193;P2046;36.34
Q57729;P2046;14.52
Q667219;P2046;7.90
Q836720;P2046;24.09
Q670421;P2046;5.97
Q549187;P2046;9.84
Q174057;P2046;3.05
Q642607;P2046;19.94
Q698531;P2046;19.86
Q517354;P2046;17.71
Q633624;P2046;5.99
Q491564;P2046;20.73
Q184983;P2046;8.85
Q505419;P2046;47.65
Q549151;P2046;3.45
Q564581;P2046;7.28
Q631623;P2046;3.66
Q521291;P2046;15.88
Q515340;P2046;48.54
Q642208;P2046;1.43
Q562608;P2046;2.12
Q564034;P2046;2.20
Q643378;P2046;5.55
Q556205;P2046;8.82
Q529250;P2046;15.62
Q504880;P2046;15.5
Q80490;P2046;9.07
Q556983;P2046;12.98
Q685375;P2046;14.19
Q629052;P2046;139.56
Q554029;P2046;18.58
Q127744;P2046;36.63
Q224720;P2046;20.04
Q567702;P2046;7.48
Q537846;P2046;17.55
Q386360;P2046;31.14
Q666341;P2046;11.24
Q632062;P2046;11.78
Q647077;P2046;7.12
Q536551;P2046;16.53
Q569858;P2046;3.55
Q641240;P2046;3.75
Q572318;P2046;10.38
Q566954;P2046;4.42
Q649271;P2046;38.27
Q577436;P2046;4.81
Q555551;P2046;16.91
Q638229;P2046;5.6
Q550572;P2046;14.95
Q625891;P2046;6.42
Q628570;P2046;102.70
Q23022;P2046;16.32
Q387876;P2046;17.7
Q677086;P2046;3.60
Q371547;P2046;4.33
Q431500;P2046;6.37
Q524280;P2046;13.06
Q651583;P2046;2.92
Q635501;P2046;9.12
Q20754;P2046;2.52
Q557339;P2046;16.51
Q693084;P2046;15.59
Q675615;P2046;5.91
Q503565;P2046;52.91
Q567280;P2046;7.76
Q642823;P2046;1.34
Q628406;P2046;91.62
Q243177;P2046;60.93
Q553326;P2046;2.44
Q257831;P2046;30.53
Q646549;P2046;3.54
Q533549;P2046;16.92
Q563934;P2046;2.93
Q505537;P2046;18.41
Q504407;P2046;17.32
Q553486;P2046;2.05
Q567883;P2046;1.45
Q701298;P2046;31.50
Q506123;P2046;62.54
Q656622;P2046;4.87
Q554129;P2046;7.09
Q818700;P2046;7.58
Q320637;P2046;19.76
Q27313;P2046;29.49
Q632575;P2046;11.11
Q631693;P2046;14.98
Q629468;P2046;19.5
Q563861;P2046;3.02
Q255217;P2046;8.21
Q504700;P2046;22.59
Q254310;P2046;10.54
Q532824;P2046;31.3
Q551968;P2046;8.67
Q629101;P2046;27.22
Q548287;P2046;4.8
Q504289;P2046;10.42
Q654511;P2046;1.82
Q511126;P2046;19.62
Q246939;P2046;8.41
Q552346;P2046;33.96
Q646938;P2046;2.98
Q525889;P2046;28.32
Q503609;P2046;17.78
Q400424;P2046;10.04
Q57720;P2046;19.15
Q635197;P2046;12.62
Q630902;P2046;3.51
Q560111;P2046;22.15
Q61930;P2046;14.87
Q636492;P2046;3.63
Q257949;P2046;28.96
Q654052;P2046;2.71
Q553794;P2046;8.10
Q622297;P2046;36.68
Q521676;P2046;23.94
Q562869;P2046;8.41
Q555079;P2046;10.76
Q546006;P2046;13.39
Q630969;P2046;34.49
Q80803;P2046;7.56
Q181809;P2046;62.97
Q644231;P2046;3.91
Q552527;P2046;6.92
Q642871;P2046;7.10
Q670593;P2046;28.63
Q380485;P2046;3.04
Q676144;P2046;15.43
Q556995;P2046;12.74
Q503388;P2046;106.51
Q653374;P2046;10.05
Q538092;P2046;7.02
Q641537;P2046;1.52
Q635291;P2046;8.2
Q569862;P2046;4.29
Q632209;P2046;7.47
Q818785;P2046;5.93
Q691453;P2046;12.00
Q562947;P2046;8.52
Q563829;P2046;3.33
Q182753;P2046;44.7
Q46031;P2046;6.67
Q651182;P2046;15.23
Q254897;P2046;40.19
Q560487;P2046;2.79
Q504752;P2046;52.36
Q503092;P2046;7.50
Q144222;P2046;14.03
Q569785;P2046;5.57
Q557894;P2046;16.64
Q633689;P2046;10.9
Q566940;P2046;4.45
Q651709;P2046;7.33
Q370194;P2046;3.24
Q563992;P2046;4.25
Q567249;P2046;5.88
Q503697;P2046;6.95
Q563865;P2046;2.40
Q635768;P2046;10.33
Q566430;P2046;3.31
Q504270;P2046;17.34
Q556446;P2046;6.71
Q175698;P2046;14.77
Q629424;P2046;24.68
Q625261;P2046;20.44
Q617192;P2046;6.39
Q555685;P2046;7.94
Q81107;P2046;23.59
Q656053;P2046;12.97
Q565822;P2046;5.36
Q556192;P2046;9.72
Q635151;P2046;3.37
Q503692;P2046;30.98
Q205362;P2046;5.75
Q522875;P2046;18.64
Q31911;P2046;22.27
Q594298;P2046;11.88
Q609330;P2046;4.02
Q564693;P2046;3.35
Q50944;P2046;7.62
Q631335;P2046;19.61
Q565289;P2046;7.10
Q534187;P2046;23.77
Q550340;P2046;7.78
Q557195;P2046;4.77
Q645404;P2046;25.6
Q536874;P2046;12.58
Q565146;P2046;8.50
Q651781;P2046;2.94
Q57822;P2046;36.04
Q505547;P2046;11.45
Q375762;P2046;19.60
Q555782;P2046;15.03
Q628754;P2046;4.5
Q524748;P2046;5.37
Q693152;P2046;3.93
Q679415;P2046;7.78
Q187584;P2046;8.31
Q502863;P2046;12.80
Q537900;P2046;17.09
Q622866;P2046;25.07
Q637597;P2046;44.55
Q632340;P2046;11.48
Q539907;P2046;31.69
Q701145;P2046;6.74
Q674226;P2046;2.68
Q226785;P2046;5.58
Q629699;P2046;5.08
Q631137;P2046;1.04
Q705821;P2046;2.57
Q658200;P2046;16.53
Q640216;P2046;2.3
Q550842;P2046;8.48
Q676402;P2046;6.07
Q646956;P2046;15.33
Q565163;P2046;3.25
Q558210;P2046;1.86
Q583472;P2046;16.54
Q643415;P2046;4.73
Q563892;P2046;2.38
Q123333;P2046;16.03
Q674578;P2046;2.79
Q660991;P2046;11.27
Q8732;P2046;26.71
Q657716;P2046;3.91
Q639922;P2046;10.24
Q184714;P2046;72.32
Q653423;P2046;6.57
Q639159;P2046;14.7
Q167673;P2046;19.01
Q629567;P2046;3.51
Q437452;P2046;6.12
Q566105;P2046;14.98
Q543497;P2046;7.30
Q629109;P2046;15.54
Q564510;P2046;3.71
Q163065;P2046;2.99
Q632193;P2046;10.82
Q623759;P2046;35.37
Q556773;P2046;8.09
Q818790;P2046;4.55
Q553322;P2046;28.15
Q566947;P2046;3.07
Q548258;P2046;8
Q529267;P2046;14.56
Q696213;P2046;13.76
Q561110;P2046;13.27
Q117677;P2046;20.75
Q646678;P2046;16.22
Q33984;P2046;5.36
Q316991;P2046;41.12
Q642013;P2046;1.40
Q560897;P2046;9.18
Q656301;P2046;14.08
Q290124;P2046;10.56
Q559464;P2046;11.37
Q503039;P2046;13.78
Q373111;P2046;6.20
Q542837;P2046;15.84
Q633497;P2046;3.52
Q563492;P2046;5.80
Q8830;P2046;74.48
Q657704;P2046;9.39
Q596859;P2046;63.83
Q629005;P2046;3.1
Q818709;P2046;7.53
Q504425;P2046;17.39
Q514327;P2046;26.69
Q279128;P2046;13.4
Q49442;P2046;21.59
Q610027;P2046;12.77
Q818640;P2046;9.84
Q566742;P2046;3.44
Q686937;P2046;7.13
Q866710;P2046;1.35
Q563014;P2046;3.25
Q565298;P2046;5.15
Q564496;P2046;1.80
Q50940;P2046;24.47
Q552675;P2046;11.74
Q651166;P2046;4.13
Q564979;P2046;2.06
Q551751;P2046;12.88
Q560923;P2046;12.43
Q698583;P2046;16.18
Q640176;P2046;1.40
Q523851;P2046;5.24
Q504236;P2046;4.01
Q822104;P2046;7.37
Q621208;P2046;17.51
Q256518;P2046;33.40
Q557070;P2046;13.95
Q513584;P2046;20.44
Q570028;P2046;71.14
Q675708;P2046;9.89
Q672701;P2046;8.41
Q551167;P2046;31.01
Q518897;P2046;35.60
Q8722;P2046;45.38
Q647843;P2046;62.15
Q62059;P2046;8.23
Q523189;P2046;18.24
Q562602;P2046;9.07
Q632453;P2046;5.21
Q654183;P2046;2.99
Q558945;P2046;40.86
Q635477;P2046;5.15
Q652049;P2046;4.73
Q646538;P2046;2.97
Q567532;P2046;2.98
Q390399;P2046;9.66
Q212714;P2046;8.62
Q93300;P2046;108.86
Q508517;P2046;14.32
Q651026;P2046;15.71
Q2408787;P2046;5.41
Q676753;P2046;3.47
Q645592;P2046;4.43
Q632293;P2046;9.66
Q506341;P2046;14.47
Q550456;P2046;7.38
Q566877;P2046;13.06
Q684815;P2046;2.68
Q691808;P2046;4.96
Q627849;P2046;63.21
Q633022;P2046;3.42
Q256868;P2046;29.35
Q93211;P2046;14.40
Q818598;P2046;5.55
Q10749;P2046;28
Q16070;P2046;95.55
Q631938;P2046;27.08
Q610873;P2046;7.99
Q560426;P2046;3.56
Q566744;P2046;12.23
Q653902;P2046;6.19
Q641360;P2046;1.99
Q563957;P2046;2.57
Q264385;P2046;24.29
Q538493;P2046;5.77
Q701432;P2046;6.99
Q530163;P2046;3.20
Q640168;P2046;19.05
Q623902;P2046;26.26
Q280425;P2046;61.14
Q631101;P2046;73.25
Q510701;P2046;59.49
Q543415;P2046;5.09
Q654833;P2046;18.47
Q668201;P2046;10.56
Q504695;P2046;17.36
Q553576;P2046;10.20
Q556834;P2046;6.64
Q650998;P2046;1.63
Q566419;P2046;8.49
Q994080;P2046;16.41
Q491653;P2046;37.11
Q558914;P2046;10.56
Q277989;P2046;2.91
Q662492;P2046;3.44
Q556988;P2046;9.68
Q634309;P2046;16.62
Q819129;P2046;55.88
Q504691;P2046;17.43
Q558140;P2046;6.49
Q640383;P2046;2.27
Q556291;P2046;10.24
Q22535;P2046;8.96
Q643428;P2046;1.08
Q526883;P2046;7.60
Q558198;P2046;4.08
Q515786;P2046;6.67
Q555322;P2046;6.52
Q566900;P2046;4.59
Q502104;P2046;14.73
Q510777;P2046;17.5
Q648722;P2046;3.31
Q556167;P2046;14.32
Q400136;P2046;34.62
Q549762;P2046;13.63
Q662169;P2046;8.38
Q818510;P2046;5.48
Q560497;P2046;1.39
Q529910;P2046;4.24
Q556157;P2046;10.17
Q539764;P2046;15.60
Q505789;P2046;23.37
Q631198;P2046;16.86
Q633738;P2046;11.55
Q285146;P2046;1.21
Q566724;P2046;9.33
Q673100;P2046;7.45
Q539029;P2046;5.00
Q112937;P2046;7.51
Q553445;P2046;11.67
Q676134;P2046;15.87
Q701596;P2046;10.46
Q511001;P2046;2.35
Q554210;P2046;8.68
Q690701;P2046;11.94
Q818622;P2046;5.56
Q255642;P2046;24.27
Q606730;P2046;4.33
Q632529;P2046;19.12
Q259542;P2046;25.86
Q376180;P2046;6.9
Q696198;P2046;33.18
Q660404;P2046;11.20
Q370571;P2046;49.14
Q587533;P2046;4.35
Q566266;P2046;15.3
Q8730;P2046;63.65
Q653235;P2046;2.74
Q538562;P2046;26.32
Q677298;P2046;2.99
Q555096;P2046;6.38
Q384835;P2046;9.73
Q556245;P2046;23.49
Q556708;P2046;6.17
Q23027;P2046;11.35
Q678804;P2046;3.63
Q564698;P2046;6.90
Q182947;P2046;3.75
Q535063;P2046;7.43
Q267723;P2046;22.63
Q648442;P2046;5.66
Q633810;P2046;45.43
Q553698;P2046;6.36
Q522821;P2046;24.09
Q689687;P2046;10.72
Q557658;P2046;20.42
Q182601;P2046;16.28
Q509959;P2046;29.21
Q653013;P2046;17.90
Q636185;P2046;5.36
Q560504;P2046;1.53
Q636077;P2046;21.31
Q525824;P2046;7.05
Q339009;P2046;8.39
Q514223;P2046;24.28
Q565320;P2046;4.11
Q556233;P2046;7.13
Q561767;P2046;1.74
Q629483;P2046;5.81
Q836727;P2046;8.01
Q242320;P2046;75.97
Q503569;P2046;50.25
Q551412;P2046;21.62
Q940691;P2046;58.21
Q629441;P2046;5.75
Q559482;P2046;26.59
Q645454;P2046;4.28
Q510964;P2046;11.91
Q163561;P2046;2.46
Q642839;P2046;4.04
Q243206;P2046;30.03
Q21043;P2046;45.91
Q251557;P2046;23.71
Q556227;P2046;6.3
Q645495;P2046;5.84
Q684246;P2046;15.14
Q567206;P2046;6.52
Q632611;P2046;10.01
Q565866;P2046;17.44
Q525945;P2046;23.88
Q618186;P2046;59.31
Q14921;P2046;106.32
Q671190;P2046;23.86
Q818550;P2046;57.71
Q654770;P2046;5.58
Q550651;P2046;56.47
Q567131;P2046;10.24
Q552427;P2046;3.03
Q700544;P2046;16.17
Q555270;P2046;9.26
Q633227;P2046;10.30
Q510112;P2046;13.52
Q559410;P2046;47.4
Q627276;P2046;18.73
Q402850;P2046;10.11
Q81702;P2046;32.82
Q651119;P2046;6.11
Q549694;P2046;8.46
Q635531;P2046;135.92
Q503789;P2046;8.94
Q702853;P2046;37.77
Q502559;P2046;15.16
Q567693;P2046;5.00
Q632360;P2046;2.74
Q635113;P2046;7.87
Q572715;P2046;33.08
Q630501;P2046;6.28
Q819209;P2046;13.48
Q659509;P2046;13.24
Q1641;P2046;7.1
Q671270;P2046;13.83
Q563904;P2046;4.87
Q573843;P2046;16.15
Q567669;P2046;7.61
Q701270;P2046;10.23
Q643114;P2046;6.05
Q553824;P2046;15.84
Q507305;P2046;20.33
Q556261;P2046;10.5
Q81097;P2046;29.87
Q818738;P2046;4.27
Q554107;P2046;27.11
Q819020;P2046;6.94
Q680917;P2046;4.00
Q569761;P2046;4.02
Q504095;P2046;9.31
Q23020;P2046;7.13
Q531792;P2046;2.80
Q646919;P2046;17.37
Q511294;P2046;6.62
Q241235;P2046;148.62
Q637363;P2046;5.88
Q527666;P2046;7.44
Q487260;P2046;6.43
Q402238;P2046;3.80
Q635123;P2046;12.43
Q564492;P2046;2.12
Q120620;P2046;20.71
Q201356;P2046;5.59
Q641426;P2046;1.84
Q665096;P2046;2.71
Q630989;P2046;2.65
Q556921;P2046;13.08
Q503947;P2046;123.23
Q31787;P2046;12.28
Q552550;P2046;6.07
Q57797;P2046;19.51
Q570867;P2046;2.43
Q562819;P2046;4.40
Q542589;P2046;23.6
Q648892;P2046;1.97
Q553680;P2046;14.95
Q267831;P2046;11.06
Q553874;P2046;4.89
Q563923;P2046;1.08
Q642079;P2046;3.90
Q559931;P2046;23.84
Q560408;P2046;2.17
Q694307;P2046;2.30
Q538426;P2046;21.98
Q560460;P2046;4.80
Q518801;P2046;12.66
Q567816;P2046;2.99
Q505569;P2046;12.42
Q368825;P2046;1.25
Q258172;P2046;20.29
Q551928;P2046;3.86
Q631272;P2046;6.1
Q642312;P2046;4.72
Q632220;P2046;7.65
Q661317;P2046;6.03
Q548195;P2046;8.07
Q617180;P2046;16.14
Q545737;P2046;28.64
Q567151;P2046;8.68
Q574781;P2046;10.24
Q552012;P2046;10.99
Q566932;P2046;7.89
Q565177;P2046;4.31
Q544931;P2046;9.32
Q524660;P2046;59.29
Q646666;P2046;5.80
Q285935;P2046;35.51
Q557142;P2046;24.62
Q503849;P2046;9.58
Q681003;P2046;1.35
Q674752;P2046;2.72
Q659844;P2046;9.22
Q515590;P2046;19.8
Q645103;P2046;2.53
Q643281;P2046;7.49
Q631825;P2046;2.77
Q630716;P2046;7.99
Q597468;P2046;3.51
Q656106;P2046;3.34
Q569288;P2046;5.56
Q642907;P2046;14.83
Q636439;P2046;5.63
Q970081;P2046;19.56
Q631454;P2046;2.61
Q558468;P2046;14.95
Q503964;P2046;42.35
Q641808;P2046;1.61
Q355456;P2046;27.18
Q567803;P2046;10.12
Q665732;P2046;4.96
Q567281;P2046;6.72
Q283876;P2046;4.78
Q645507;P2046;0.74
Q564704;P2046;2.18
Q567220;P2046;2.35
Q83154;P2046;14.71
Q633645;P2046;17.08
Q50932;P2046;22.37
Q651145;P2046;3.28
Q659292;P2046;11.14
Q629607;P2046;8.44
Q523021;P2046;16.28
Q632198;P2046;10.35
Q550730;P2046;12.25
Q628013;P2046;17.03
Q670018;P2046;12.97
Q523770;P2046;13.35
Q511697;P2046;18.47
Q507412;P2046;25.28
Q180898;P2046;12.68
Q704738;P2046;22.67
Q503778;P2046;71.38
Q646841;P2046;17.43
Q542386;P2046;22
Q628850;P2046;7.83
Q702037;P2046;28.24
Q512144;P2046;19.16
Q636482;P2046;18.59
Q651738;P2046;5.60
Q632129;P2046;14.29
Q694938;P2046;13.96
Q202221;P2046;10.59
Q674620;P2046;2.99
Q552924;P2046;10.09
Q666399;P2046;8.41
Q511378;P2046;10.19
Q654107;P2046;6.05
Q572982;P2046;18.54
Q784811;P2046;7.75
Q503805;P2046;11.67
Q566976;P2046;4.63
Q696673;P2046;14.55
Q446550;P2046;4.1
Q255521;P2046;19.82
Q528516;P2046;34.10
Q61642;P2046;4.5
Q548429;P2046;69.02
Q698207;P2046;12.01
Q671853;P2046;51.01
Q610074;P2046;4.8
Q202669;P2046;3.90
Q1483706;P2046;38.41
Q646851;P2046;4.58
Q558882;P2046;16.56
Q60573;P2046;4.15
Q529278;P2046;7.13
Q473558;P2046;17.94
Q548360;P2046;7.09
Q557062;P2046;32.97
Q569566;P2046;7.78
Q563706;P2046;2.69
Q622159;P2046;4.06
Q552244;P2046;16.22
Q651810;P2046;6.78
Q633636;P2046;6.76
Q699064;P2046;8.61
Q514359;P2046;21.04
Q640905;P2046;44.92
Q553503;P2046;4.74
Q555671;P2046;5.44
Q539825;P2046;23.68
Q641328;P2046;4.87
Q528284;P2046;18.45
Q543732;P2046;7.10
Q503588;P2046;20.99
Q566389;P2046;22.88
Q567439;P2046;6.89
Q696411;P2046;22.64
Q62037;P2046;37.46
Q508397;P2046;23.99
Q633413;P2046;149.55
Q552563;P2046;19.36
Q635298;P2046;12.10
Q698736;P2046;15.50
Q186199;P2046;7.58
Q569708;P2046;3.81
Q624122;P2046;90.28
Q508758;P2046;20.77
Q638314;P2046;5.96
Q556713;P2046;9.83
Q562864;P2046;4.33
Q83050;P2046;11.13
Q555737;P2046;4.99
Q509190;P2046;5.71
Q563096;P2046;1.68
Q639403;P2046;25.16
Q21170;P2046;167.27
Q647772;P2046;5.93
Q551636;P2046;45.62
Q83284;P2046;9.33
Q504197;P2046;23.06
Q629190;P2046;10.78
Q640411;P2046;39.54
Q642168;P2046;9.92
Q647530;P2046;3.03
Q642056;P2046;1.99
Q544597;P2046;30.2
Q566903;P2046;0.61
Q667401;P2046;6.05
Q641348;P2046;3.3
Q556188;P2046;1.78
Q504742;P2046;25.11
Q697590;P2046;17.35
Q562857;P2046;6.87
Q647423;P2046;4.39
Q646621;P2046;3.21
Q566711;P2046;18.02
Q563008;P2046;5.01
Q260829;P2046;5.13
Q635088;P2046;13.23
Q565388;P2046;9.58
Q49443;P2046;9.32
Q686777;P2046;12.01
Q654399;P2046;28.83
Q654522;P2046;7.46
Q689702;P2046;19.80
Q624634;P2046;20.95
Q565271;P2046;3.32
Q377931;P2046;3.05
Q625198;P2046;33.94
Q503665;P2046;14.68
Q522890;P2046;14.46
Q22531;P2046;11.24
Q503705;P2046;7.21
Q624456;P2046;9.03
Q546194;P2046;13.40
Q532032;P2046;14.91
Q556178;P2046;9.19
Q563141;P2046;10.51
Q632504;P2046;7.80
Q487070;P2046;182.81
Q3463;P2046;1.3
Q198991;P2046;11.41
Q552131;P2046;31.5
Q250074;P2046;2.03
Q566001;P2046;3.78
Q698600;P2046;10.85
Q654069;P2046;12.51
Q504374;P2046;25.21
Q547075;P2046;10.55
Q608658;P2046;8.94
Q638232;P2046;8.71
Q646595;P2046;13.68
Q565888;P2046;17.89
Q533873;P2046;1.59
Q567710;P2046;2.58
Q567431;P2046;10.20
Q569563;P2046;41.02
Q567685;P2046;4.32
Q287363;P2046;8.03
Q532923;P2046;15.41
Q569601;P2046;8.57
Q653825;P2046;12.69
Q433370;P2046;25.52
Q559390;P2046;17.7
Q634521;P2046;15.32
Q551667;P2046;24.29
Q565013;P2046;4.49
Q569609;P2046;4.90
Q652876;P2046;18.79
Q567443;P2046;14.05
Q565310;P2046;5.27
Q701843;P2046;8.63
Q556668;P2046;25.97
Q528480;P2046;3.76
Q645279;P2046;2.24
Q818660;P2046;4.31
Q45898;P2046;14.87
Q122850;P2046;2.85
Q679467;P2046;4.25
Q633654;P2046;7.37
Q61645;P2046;9.48
Q685303;P2046;20.99
Q635388;P2046;24.14
Q564644;P2046;5.27
Q656336;P2046;4.17
Q561277;P2046;5.10
Q504343;P2046;39.9
Q527565;P2046;23.07
Q238659;P2046;3.47
Q702856;P2046;28.54
Q567278;P2046;8.45
Q574193;P2046;9.11
Q645416;P2046;7.95
Q558117;P2046;16.97
Q529054;P2046;8.49
Q603554;P2046;10.36
Q646513;P2046;4.26
Q536419;P2046;22.60
Q562977;P2046;4.13
Q563222;P2046;4.34
Q561762;P2046;2.89
Q563510;P2046;2.42
Q682828;P2046;4.67
Q511339;P2046;7.95
Q545710;P2046;13.42
Q544452;P2046;17.51
Q181223;P2046;7.15
Q573628;P2046;10.76
Q34231;P2046;5.66
Q680495;P2046;2.88
Q644733;P2046;1.31
Q649231;P2046;14.32
Q630512;P2046;5.53
Q625348;P2046;12.67
Q557189;P2046;8.33
Q80654;P2046;3.1
Q625773;P2046;21.57
Q553394;P2046;5.56
Q567243;P2046;10.28
Q563914;P2046;3.66
Q562969;P2046;5.32
Q503703;P2046;2.54
Q701343;P2046;46.09
Q630485;P2046;7.08
Q23010;P2046;3.90
Q2153346;P2046;23.16
Q203317;P2046;6.63
Q529512;P2046;86.63
Q645625;P2046;4.29
Q205201;P2046;21.59
Q646422;P2046;3.51
Q433420;P2046;8.43
Q649471;P2046;2.72
Q651303;P2046;2.99
Q649551;P2046;79.11
Q560389;P2046;2.34
Q635270;P2046;6.36
Q200836;P2046;110.92
Q57749;P2046;32.87
Q376796;P2046;16.52
Q558829;P2046;6.28
Q643452;P2046;6.94
Q557021;P2046;31.94
Q265144;P2046;3.24
Q667394;P2046;8.82
Q523147;P2046;8.08
Q589490;P2046;8.65
Q533405;P2046;6.90
Q543938;P2046;2.75
Q559785;P2046;9.93
Q503858;P2046;20.8
Q32070;P2046;29.78
Q632508;P2046;13.76
Q538900;P2046;7.27
Q630423;P2046;18.92
Q628241;P2046;2.27
Q20798;P2046;5.26
Q695422;P2046;2.16
Q553734;P2046;11.61
Q80606;P2046;6.31
Q45999;P2046;28.31
Q652152;P2046;10.70
Q548349;P2046;10.40
Q510097;P2046;4.08
Q569082;P2046;4.45
Q437358;P2046;36.64
Q83146;P2046;36.51
Q555526;P2046;14.09
Q402210;P2046;18.03
Q636105;P2046;38.02
Q553192;P2046;11.2
Q558693;P2046;8.7
Q544022;P2046;6.65
Q645146;P2046;2.51
Q654818;P2046;3.90
Q637409;P2046;43.96
Q654264;P2046;18.47
Q513198;P2046;12.09
Q624955;P2046;49.65
Q1565;P2046;17
Q564569;P2046;4.46
Q554161;P2046;16.18
Q567107;P2046;0.97
Q1921480;P2046;24.83
Q692871;P2046;1.92
Q555585;P2046;9.23
Q585239;P2046;40.13
Q562961;P2046;2.50
Q1601810;P2046;19.85
Q446342;P2046;91.68
Q302933;P2046;14.93
Q559830;P2046;9.75
Q818829;P2046;6.41
Q675588;P2046;9.18
Q558160;P2046;4.66
Q506195;P2046;9.82
Q17120;P2046;36.37
Q645565;P2046;1.67
Q528348;P2046;26.56
Q533700;P2046;24.91
Q556273;P2046;5.48
Q572628;P2046;34.69
Q562993;P2046;2.20
Q704425;P2046;20.39
Q46770;P2046;56.09
Q564738;P2046;8.58
Q556625;P2046;4.33
Q630769;P2046;14.57
Q630177;P2046;2.26
Q502700;P2046;22.34
Q581744;P2046;22.43
Q254657;P2046;13.28
Q558735;P2046;19.57
Q551445;P2046;22.14
Q528168;P2046;20.77
Q581023;P2046;33.22
Q635488;P2046;4.30
Q179762;P2046;17.62
Q633598;P2046;13.26
Q646979;P2046;8.30
Q20209;P2046;13.34
Q635052;P2046;6.51
Q81696;P2046;7.64
Q442904;P2046;67.1
Q566068;P2046;22.95
Q20751;P2046;3.27
Q697601;P2046;13.19
Q553568;P2046;13.14
Q674063;P2046;7.46
Q28038;P2046;36.03
Q442426;P2046;11.47
Q252755;P2046;19.34
Q561708;P2046;3.14
Q656604;P2046;5.30
Q818546;P2046;28.26
Q80713;P2046;9.68
Q502874;P2046;19.81
Q659935;P2046;4.53
Q505250;P2046;18.45
Q567145;P2046;5.69
Q307470;P2046;5.98
Q488714;P2046;22.37
Q503617;P2046;14.43
Q93276;P2046;25.93
Q544126;P2046;4.67
Q8831;P2046;19.02
Q676246;P2046;4.10
Q554227;P2046;2.53
Q504110;P2046;15.94
Q382750;P2046;12.26
Q550364;P2046;5.39
Q527459;P2046;17.66
Q10753;P2046;24.49
Q632435;P2046;5.19
Q634093;P2046;9.15
Q569303;P2046;4.17
Q818499;P2046;5.46
Q81102;P2046;3.35
Q632121;P2046;7.78
Q559763;P2046;33.86
Q672691;P2046;3.69
Q554955;P2046;2.53
Q624421;P2046;25.60
Q509173;P2046;25.72
Q563973;P2046;7.27
Q581479;P2046;13.29
Q639020;P2046;15.16
Q510820;P2046;2.53
Q528761;P2046;26.05
Q642928;P2046;4.65
Q513376;P2046;20.75
Q186045;P2046;1.55
Q537756;P2046;19.15
Q560432;P2046;4.81
Q2554197;P2046;16.94
Q566901;P2046;4.07
Q506039;P2046;49.05
Q505363;P2046;18.62
Q21051;P2046;8.2
Q567722;P2046;7.83
Q23017;P2046;6.34
Q634918;P2046;64.98
Q659245;P2046;3.46
Q560919;P2046;3.49
Q627967;P2046;10.06
Q642001;P2046;8.82
Q304156;P2046;4.71
Q189492;P2046;2.35
Q561801;P2046;3.11
Q522280;P2046;9.63
Q526720;P2046;3.98
Q702776;P2046;24.54
Q564240;P2046;2.20
Q503326;P2046;28.34
Q651603;P2046;3.11
Q676155;P2046;4.11
Q550351;P2046;25.14
Q566071;P2046;7.20
Q573025;P2046;13.35
Q641403;P2046;3.31
Q683777;P2046;4.16
Q304856;P2046;5.38
Q427672;P2046;26.59
Q562875;P2046;1.90
Q569574;P2046;0.97
Q651161;P2046;4.01
Q677324;P2046;10.81
Q641290;P2046;4.54
Q83378;P2046;11.64
Q23036;P2046;13.8
Q652021;P2046;2.45
Q553367;P2046;4.98
Q570856;P2046;2.83
Q642111;P2046;1.26
Q561749;P2046;2.58
Q653352;P2046;4.36
Q624412;P2046;15.84
Q50935;P2046;20.32
Q635693;P2046;12.63
Q565841;P2046;8.47
Q569558;P2046;30.22
Q253123;P2046;8.39
Q818747;P2046;4.68
Q563040;P2046;6.84
Q80717;P2046;8.95
Q528837;P2046;12.47
Q560288;P2046;3.83
Q547187;P2046;11.17
Q572674;P2046;9.61
Q667192;P2046;4.92
Q630534;P2046;9.13
Q647056;P2046;7.55
Q665140;P2046;6.61
Q196863;P2046;16.72
Q560882;P2046;14.42
Q355913;P2046;16.08
Q559379;P2046;8.92
Q641644;P2046;9.79
Q627258;P2046;73.62
Q509532;P2046;13.45
Q559369;P2046;4
Q627767;P2046;16.73
Q555353;P2046;7.89
Q81117;P2046;12.16
Q629273;P2046;3.17
Q566982;P2046;9.35
Q566729;P2046;11.55
Q671777;P2046;36.07
Q118546;P2046;6.74
Q61656;P2046;3.07
Q503345;P2046;11.64
Q552620;P2046;8.57
Q678449;P2046;6.66
Q562574;P2046;2.37
Q569764;P2046;2.08
Q650305;P2046;9.91
Q503999;P2046;4.79
Q640304;P2046;4.85
Q696441;P2046;15.35
Q698559;P2046;12.24
Q478808;P2046;49.8
Q676096;P2046;14.85
Q506233;P2046;37.64
Q896242;P2046;13.40
Q120012;P2046;3.86
Q548674;P2046;36.86
Q556412;P2046;8.44
Q516315;P2046;17.65
Q648793;P2046;16.58
Q574242;P2046;12.05
Q567906;P2046;5.38
Q148343;P2046;14.59
Q570666;P2046;7.76
Q556904;P2046;4.42
Q10941;P2046;22.36
Q556966;P2046;15.58
Q550175;P2046;6.52
Q674736;P2046;8.95
Q655962;P2046;7.21
Q615545;P2046;3.73
Q548650;P2046;26.73
Q706297;P2046;8.98
Q640396;P2046;43.79
Q555213;P2046;10.07
Q31640;P2046;18.57
Q624645;P2046;56.22
Q632456;P2046;10.64
Q662662;P2046;13.11
Q71005;P2046;8.09
Q565325;P2046;5.83
Q547085;P2046;14.73
Q638090;P2046;48.3
Q632473;P2046;9.51
Q657728;P2046;2.88
Q550745;P2046;5.66
Q565257;P2046;8.71
Q565295;P2046;4.48
Q641516;P2046;6.06
Q572471;P2046;0.76
Q222600;P2046;17.89
Q669004;P2046;12.16
Q514208;P2046;9.18
Q561718;P2046;5.14
Q533582;P2046;9.69
Q554935;P2046;6.90
Q2815;P2046;31.35
Q551515;P2046;38.83
Q20864;P2046;6.2
Q557001;P2046;8.08
Q632515;P2046;12.54
Q581543;P2046;18.12
Q676369;P2046;5.8
Q676739;P2046;2.96
Q565996;P2046;4.76
Q564296;P2046;39.01
Q567290;P2046;1.19
Q648624;P2046;6.96
Q4944994;P2046;7.98
Q61960;P2046;5.03
Q553381;P2046;5.75
Q560827;P2046;3.74
Q28022;P2046;8.5
Q639915;P2046;41.09
Q622202;P2046;17.75
Q503914;P2046;61.07
Q20791;P2046;7.77
Q186168;P2046;18.22
Q384945;P2046;2.52
Q669563;P2046;14.41
Q678623;P2046;0.82
Q667300;P2046;7.27
Q696875;P2046;9.18
Q630862;P2046;18.51
Q673820;P2046;4.27
Q559024;P2046;17.88
Q387101;P2046;5.15
Q632462;P2046;1.52
Q552941;P2046;27.7
Q559799;P2046;9.99
Q638240;P2046;24.22
Q16125;P2046;60.36
Q819054;P2046;4.71
Q46801;P2046;20.37
Q688059;P2046;7.02
Q659221;P2046;3.63
Q646651;P2046;9.39
Q550786;P2046;8.79
Q1836;P2046;4.1
Q645583;P2046;3.16
Q28034;P2046;11.7
Q572994;P2046;19.91
Q648574;P2046;5.80
Q627732;P2046;51.36
Q645242;P2046;2.60
Q182716;P2046;102.99
Q653224;P2046;2.66
Q81211;P2046;33.76
Q21011;P2046;8.71
Q238814;P2046;3.61
Q653071;P2046;4.48
Q651363;P2046;3.15
Q22526;P2046;3.60
Q502149;P2046;6.86
Q635555;P2046;15.74
Q642115;P2046;4.1
Q555806;P2046;16.33
Q16071;P2046;12.20
Q643606;P2046;7.51
Q641663;P2046;10.09
Q556202;P2046;7.44
Q553260;P2046;8.05
Q506044;P2046;17.44
Q297677;P2046;8.88
Q558680;P2046;2.16
Q579089;P2046;10.63
Q556908;P2046;8.14
Q502978;P2046;26.34
Q829198;P2046;11.80
Q518061;P2046;29.97
Q23037;P2046;13.91
Q652332;P2046;14.45
Q515721;P2046;3.11
Q884953;P2046;5.84
Q636423;P2046;13.13
Q524556;P2046;18.47
Q161930;P2046;16.01
Q557050;P2046;11.51
Q567179;P2046;5.53
Q118862;P2046;69.32
Q623420;P2046;77.42
Q624396;P2046;39.20
Q528301;P2046;4.94
Q629516;P2046;7.93
Q651522;P2046;2.59
Q1820;P2046;26.6
Q652121;P2046;3.32
Q636585;P2046;14.28
Q629415;P2046;14.72
Q649963;P2046;2.74
Q657062;P2046;5.93
Q657336;P2046;11.25
Q633247;P2046;18.78
Q653314;P2046;20.78
Q14939;P2046;85.67
Q569158;P2046;2.46
Q264422;P2046;12.44
Q634380;P2046;6.55
Q174435;P2046;3.91
Q297150;P2046;8.09
Q667338;P2046;3.55
Q5279;P2046;29.03
Q205800;P2046;38.84
Q669139;P2046;12.47
Q280452;P2046;5.46
Q561228;P2046;7.64
Q561552;P2046;13.28
Q81950;P2046;34.47
Q554316;P2046;7.77
Q504757;P2046;9.42
Q566046;P2046;13.11
Q628421;P2046;16.11
Q57846;P2046;7.97
Q567236;P2046;3.57
Q632167;P2046;3.01
Q550627;P2046;8.15
Q643168;P2046;0.79
Q556383;P2046;5.19
Q643481;P2046;4.27
Q163344;P2046;8.14
Q565408;P2046;17.62
Q651107;P2046;6.1
Q595590;P2046;9.02
Q523789;P2046;10.71
Q635104;P2046;8.78
Q565109;P2046;1.38
Q504705;P2046;31.8
Q241793;P2046;17.14
Q289239;P2046;10.08
Q553243;P2046;4.49
Q561603;P2046;1.47
Q10745;P2046;15.64
Q57761;P2046;19.78
Q658473;P2046;3.68
Q548383;P2046;14.19
Q643630;P2046;1.75
Q557106;P2046;14.53
Q562627;P2046;11.21
Q507889;P2046;13.89
Q528548;P2046;7.60
Q549963;P2046;29.65
Q512626;P2046;30.06
Q543966;P2046;5.89
Q126960;P2046;26.68
Q511796;P2046;39.96
Q523836;P2046;4.29
Q46753;P2046;21.72
Q656646;P2046;7.97
Q633531;P2046;12.55
Q636447;P2046;4.41
Q550212;P2046;3.78
Q503790;P2046;21.39
Q675574;P2046;7.20
Q22961;P2046;12.75
Q554885;P2046;8.73
Q253867;P2046;107.28
Q551404;P2046;12.84
Q516090;P2046;8.82
Q651446;P2046;4.04
Q259158;P2046;9.96
Q541722;P2046;7.38
Q7386758;P2046;14.82
Q640320;P2046;2.16
Q511207;P2046;20.86
Q646304;P2046;2.38
Q564743;P2046;7.82
Q514885;P2046;20.65
Q573555;P2046;2.70
Q632683;P2046;4.78
Q252537;P2046;45.35
Q646345;P2046;3.7
Q502822;P2046;20.47
Q669167;P2046;20.20
Q665125;P2046;3.85
Q533203;P2046;47.15
Q22467;P2046;10.14
Q574216;P2046;13.14
Q16047;P2046;52.44
Q226726;P2046;2.21
Q57717;P2046;8.75
Q504820;P2046;12.90
Q549038;P2046;29.27
Q61754;P2046;9.21
Q645202;P2046;6.82
Q515892;P2046;24.36
Q569123;P2046;5.25
Q628528;P2046;51.89
Q427456;P2046;9.88
Q561674;P2046;4.31
Q545342;P2046;70.18
Q822148;P2046;61.80
Q641546;P2046;2.81
Q645020;P2046;2.93
Q553256;P2046;2.67
Q658559;P2046;6.69
Q624629;P2046;28.21
Q657625;P2046;12.87
Q645256;P2046;4.76
Q701137;P2046;118.41
Q569032;P2046;5.68
Q550697;P2046;64.83
Q638501;P2046;54.76
Q676272;P2046;2.59
Q544160;P2046;23.37
Q550330;P2046;12.5
Q93247;P2046;37.5
Q558113;P2046;21.72
Q552375;P2046;4.15
Q637384;P2046;8.39
Q182426;P2046;59.03
Q184476;P2046;10.98
Q17119;P2046;18.98
