Q2289677;P1082;0
Q1998191;P1082;675
Q4663712;P1082;438
Q7930873;P1082;8213
Q3394910;P1082;386
Q4692679;P1082;322
Q5105460;P1082;140
Q3072471;P1082;278
Q3112535;P1082;2087
Q730842;P1082;1562
Q5797638;P1082;29
Q6823012;P1082;559
Q43678;P1082;342
Q4896152;P1082;214
Q3738613;P1082;135
Q4692660;P1082;675
Q947946;P1082;1185
Q955501;P1082;67
Q5506812;P1082;828
Q4917449;P1082;1256
Q2442796;P1082;9562
Q3565453;P1082;85
Q5705712;P1082;238
Q1009644;P1082;830
Q693764;P1082;2725
Q1012344;P1082;1500
Q2637021;P1082;1022
Q16895175;P1082;4
Q4212759;P1082;444
Q45955;P1082;1231
Q16896112;P1082;1726
Q18764472;P1082;145
Q4830233;P1082;9
Q2566509;P1082;901
Q16893579;P1082;3
Q1027057;P1082;4368
Q4700684;P1082;346
Q6926217;P1082;318
Q5871229;P1082;5435
Q4532429;P1082;3129
Q1821161;P1082;66
Q16897468;P1082;114
Q5836795;P1082;77
Q4702652;P1082;1529
Q18764378;P1082;34
Q1418080;P1082;1383
Q4808217;P1082;211
Q7687142;P1082;8038
Q2478355;P1082;3753
Q5823323;P1082;645
Q2437950;P1082;2052
Q259962;P1082;50
Q10943583;P1082;310
Q1027215;P1082;268
Q506149;P1082;159
Q5956537;P1082;503
Q5781881;P1082;360
Q93243;P1082;286
Q4324212;P1082;5130
Q1011976;P1082;2400
Q6501804;P1082;2660
Q2826878;P1082;203
Q3564829;P1082;166
Q2006858;P1082;894
Q950541;P1082;4497
Q5820688;P1082;1126
Q2949651;P1082;4304
Q15149647;P1082;199
Q2453860;P1082;1572
Q3500109;P1082;144
Q18764527;P1082;67
Q2488429;P1082;343
Q1719561;P1082;6038
Q4237648;P1082;2859
Q7968328;P1082;791
Q11698548;P1082;3420
Q18398491;P1082;34
Q3564848;P1082;422
Q3567465;P1082;352
Q4747703;P1082;412
Q5301155;P1082;1490
Q2628532;P1082;9122
Q2707383;P1082;1938
Q1010381;P1082;1440
Q16834139;P1082;286
Q7238527;P1082;189
Q2677744;P1082;956
Q100033;P1082;1147
Q3372854;P1082;1340
Q15260828;P1082;3932
Q5572814;P1082;83
Q910430;P1082;3726
Q5019745;P1082;1156
Q3313591;P1082;11773
Q2474283;P1082;305
Q16892602;P1082;651
Q4227511;P1082;937
Q3440604;P1082;1150
Q12885548;P1082;121
Q5638716;P1082;950
Q2447064;P1082;1169
Q5640208;P1082;1637
Q4187325;P1082;569
Q5798071;P1082;1050
Q2448328;P1082;1055
Q8082717;P1082;38
Q6401524;P1082;965
Q12296650;P1082;137
Q1780832;P1082;304
Q12070430;P1082;1170
Q575774;P1082;106460
Q4692658;P1082;491
Q1008921;P1082;1070
Q1976447;P1082;2310
Q12873527;P1082;587
Q4222146;P1082;143
Q2459277;P1082;240
Q648600;P1082;1900
Q16016952;P1082;1019
Q7057486;P1082;124
Q3554928;P1082;1093
Q2442387;P1082;2468
Q7193255;P1082;511
Q2627704;P1082;572
Q16840571;P1082;37
Q2445255;P1082;2282
Q5745326;P1082;909
Q1012324;P1082;660
Q1937253;P1082;242
Q9300171;P1082;755
Q4579957;P1082;432
Q2408915;P1082;536
Q2447087;P1082;1378
Q2957125;P1082;249
Q146656;P1082;12985
Q16897446;P1082;140
Q5219938;P1082;2359
Q2031231;P1082;231
Q6549110;P1082;441
Q2441203;P1082;1214
Q2552494;P1082;17732
Q65167;P1082;211
Q2522501;P1082;109
Q5684251;P1082;71
Q2440772;P1082;1958
Q1293830;P1082;2043
Q1009846;P1082;880
Q737887;P1082;233
Q937611;P1082;283
Q253103;P1082;2000
Q1985849;P1082;1443
Q3541112;P1082;516
Q3605943;P1082;53
Q16893746;P1082;121
Q5604104;P1082;2310
Q4409003;P1082;177
Q67978;P1082;156
Q4120104;P1082;32236
Q1053101;P1082;926
Q1927709;P1082;796
Q7559751;P1082;479
Q2586549;P1082;1432
Q16433990;P1082;1370
Q2639022;P1082;2903
Q2010309;P1082;742
Q6403324;P1082;813
Q5733026;P1082;250
Q6983939;P1082;388
Q1986324;P1082;1536
Q12881454;P1082;298
Q16018640;P1082;1745
Q661465;P1082;1031
Q6809534;P1082;1118
Q7340748;P1082;967
Q4789104;P1082;220
Q4090242;P1082;6812
Q195028;P1082;6125
Q2437487;P1082;2269
Q2218481;P1082;1533
Q1020950;P1082;3490
Q2883316;P1082;3114
Q757298;P1082;2218
Q7376123;P1082;326
Q2010159;P1082;262
Q4126446;P1082;350
Q986334;P1082;1847
Q2436921;P1082;5757
Q12297782;P1082;16
Q4807242;P1082;1426
Q13194227;P1082;1660
Q1984336;P1082;1270
Q2338882;P1082;1571
Q10963729;P1082;277
Q1676857;P1082;476
Q4858177;P1082;470
Q2827335;P1082;45
Q4156699;P1082;1863
Q3561464;P1082;758
Q2441241;P1082;730
Q5523501;P1082;45
Q278277;P1082;1099
Q2987772;P1082;148
Q12884382;P1082;46
Q842477;P1082;13546
Q986394;P1082;397
Q4354902;P1082;817
Q5576383;P1082;174
Q4508339;P1082;204
Q1755448;P1082;862
Q1873628;P1082;536
Q3559045;P1082;497
Q4955667;P1082;610
Q24070723;P1082;149
Q3563026;P1082;78
Q2439149;P1082;7394
Q7630096;P1082;636
Q424674;P1082;35359
Q1789912;P1082;1136
Q4666295;P1082;812
Q732065;P1082;1
Q2444600;P1082;815
Q1017610;P1082;6325
Q15088662;P1082;125
Q261099;P1082;107
Q545680;P1082;3753
Q1192390;P1082;172
Q6549426;P1082;317
Q2925962;P1082;2745
Q7809790;P1082;216
Q5827150;P1082;163
Q31283;P1082;237
Q114114;P1082;6725
Q5656196;P1082;3791
Q118953;P1082;2675
Q21501131;P1082;232
Q1004200;P1082;4771
Q643969;P1082;10293
Q170669;P1082;5474
Q7126568;P1082;291
Q2452795;P1082;1746
Q2448555;P1082;1537
Q13520833;P1082;11741
Q5831604;P1082;12
Q1980503;P1082;857
Q554695;P1082;439
Q5315758;P1082;6880
Q3554945;P1082;633
Q2382669;P1082;1460
Q4181585;P1082;695
Q8069038;P1082;1786
Q1990216;P1082;1401
Q5951365;P1082;834
Q42376609;P1082;630
Q6827500;P1082;96
Q3563040;P1082;105
Q7660569;P1082;1165
Q4855749;P1082;201
Q67330;P1082;307
Q3562955;P1082;114
Q2068947;P1082;1053
Q7658386;P1082;135
Q4093674;P1082;4321
Q16893330;P1082;803
Q1223774;P1082;707
Q3563735;P1082;429
Q3916178;P1082;785
Q1773791;P1082;807
Q16891222;P1082;309
Q7313552;P1082;2340
Q170752;P1082;5303
Q2323870;P1082;587
Q5252096;P1082;119
Q7928106;P1082;1084
Q5621201;P1082;288
Q12212727;P1082;5499
Q3738616;P1082;3426
Q7826690;P1082;1507
Q4390589;P1082;2520
Q2466188;P1082;909
Q393610;P1082;57
Q1009980;P1082;3000
Q1017182;P1082;610
Q216794;P1082;2012
Q5620763;P1082;1044
Q3024256;P1082;8009
Q1021692;P1082;468
Q7127524;P1082;518
Q368600;P1082;173
Q4751791;P1082;2397
Q1009675;P1082;5830
Q5934070;P1082;324
Q5716420;P1082;578
Q4460926;P1082;8906
Q4954517;P1082;2177
Q6406967;P1082;1282
Q1785125;P1082;2745
Q3563164;P1082;148
Q10973383;P1082;573
Q1960308;P1082;283
Q3907740;P1082;1385
Q2473600;P1082;549
Q15901237;P1082;373
Q7943208;P1082;90
Q2449966;P1082;627
Q4692499;P1082;14
Q4692593;P1082;785
Q2987673;P1082;95
Q689914;P1082;268
Q5829595;P1082;491
Q2420066;P1082;5378
Q3563717;P1082;216
Q5457334;P1082;126
Q3877466;P1082;258
Q31028;P1082;6430
Q2906069;P1082;190
Q12829201;P1082;326
Q13649948;P1082;1752
Q2183764;P1082;1221
Q6405748;P1082;36
Q6944399;P1082;834
Q6843987;P1082;110
Q4029767;P1082;13
Q7710526;P1082;510
Q1982766;P1082;2050
Q15075219;P1082;660
Q7219;P1082;962
Q7169490;P1082;673
Q4828856;P1082;40
Q5835761;P1082;2198
Q7368760;P1082;1680
Q1776379;P1082;880
Q2924452;P1082;445
Q2714533;P1082;6298
Q2199017;P1082;480
Q1864300;P1082;125
Q2387803;P1082;595
Q1985883;P1082;1597
Q5286998;P1082;693
Q2437102;P1082;2536
Q862596;P1082;655
Q3562243;P1082;226
Q4245596;P1082;6145
Q3401907;P1082;454
Q2453816;P1082;610
Q5780888;P1082;137
Q4475260;P1082;6061
Q1207311;P1082;1873
Q4414981;P1082;431
Q3563764;P1082;339
Q3304218;P1082;961
Q20629740;P1082;2045
Q1011363;P1082;1920
Q2442739;P1082;1161
Q6393544;P1082;334
Q4082259;P1082;171
Q4707242;P1082;1802
Q2783543;P1082;3104
Q1099752;P1082;636
Q6517544;P1082;95
Q4054251;P1082;762
Q1985502;P1082;2255
Q5816551;P1082;466
Q1751023;P1082;502
Q670943;P1082;1446
Q3596203;P1082;125
Q11762517;P1082;211
Q3556085;P1082;15
Q3563834;P1082;304
Q153518;P1082;2545
Q7179148;P1082;79
Q7313903;P1082;260
Q3564009;P1082;1660
Q33980;P1082;950
Q277153;P1082;22
Q777475;P1082;7168
Q2438100;P1082;1104
Q3562993;P1082;301
Q7940200;P1082;406
Q4701465;P1082;0
Q7849800;P1082;9
Q6356044;P1082;243
Q253606;P1082;730
Q849193;P1082;204
Q2655013;P1082;3520
Q5524413;P1082;530
Q4832105;P1082;1442
Q744317;P1082;6253
Q2448298;P1082;776
Q943542;P1082;1426
Q1973960;P1082;2297
Q4809483;P1082;6954
Q7999147;P1082;488
Q5073904;P1082;674
Q4468065;P1082;2346
Q2451105;P1082;328
Q1965583;P1082;7936
Q8052239;P1082;5234
Q1982805;P1082;3126
Q7913983;P1082;1045
Q222854;P1082;2848
Q4449171;P1082;3325
Q1022232;P1082;207
Q5959052;P1082;8061
Q3403594;P1082;271
Q2096176;P1082;270
Q241042;P1082;24239
Q5961409;P1082;74
Q2449154;P1082;1465
Q2001429;P1082;30027
Q4477015;P1082;2184
Q4406481;P1082;12738
Q5001294;P1082;779
Q26920;P1082;2522
Q2447073;P1082;1318
Q4721894;P1082;1037
Q2973204;P1082;1141
Q4702464;P1082;1783
Q936239;P1082;400
Q3564858;P1082;526
Q12880123;P1082;289
Q2089588;P1082;3981
Q7076583;P1082;55
Q5799903;P1082;113
Q15059253;P1082;600
Q12137028;P1082;128
Q6544200;P1082;425
Q6944401;P1082;12640
Q3563580;P1082;101
Q5094703;P1082;3731
Q1002153;P1082;1470
Q2628906;P1082;4368
Q7273154;P1082;1207
Q12882478;P1082;291
Q5516176;P1082;133
Q4513218;P1082;1152
Q922098;P1082;4130
Q5702821;P1082;421
Q4813266;P1082;204
Q7558911;P1082;1095
Q66159;P1082;303
Q2502180;P1082;31609
Q2440660;P1082;1649
Q1001901;P1082;1918
Q5782911;P1082;970
Q1079742;P1082;4111
Q544931;P1082;1786
Q2439659;P1082;2521
Q13642951;P1082;209
Q2439599;P1082;1300
Q974730;P1082;580
Q2444716;P1082;3042
Q24684319;P1082;979
Q7379261;P1082;830
Q12290702;P1082;320
Q13033789;P1082;7277
Q5935329;P1082;810
Q4054267;P1082;13
Q16844172;P1082;214
Q635838;P1082;1052
Q6862779;P1082;205
Q5768241;P1082;88
Q24728963;P1082;481
Q1158903;P1082;966
Q2312752;P1082;5133
Q20026682;P1082;121
Q1987362;P1082;2742
Q2035013;P1082;418
Q1018974;P1082;711
Q2006122;P1082;971
Q9394890;P1082;212
Q4709824;P1082;1234
Q2735661;P1082;298
Q1137959;P1082;183
Q82208;P1082;557
Q338654;P1082;3119
Q1017933;P1082;3077
Q2987704;P1082;0
Q4620615;P1082;1428
Q5516304;P1082;163
Q3560586;P1082;45
Q5850297;P1082;2687
Q2453788;P1082;838
Q5910842;P1082;1464
Q3797631;P1082;1860
Q2453654;P1082;861
Q2331075;P1082;1454
Q2439530;P1082;3038
Q2623238;P1082;4583
Q5707642;P1082;65
Q5862365;P1082;120
Q5015935;P1082;393
Q325510;P1082;3988
Q629511;P1082;735
Q3461076;P1082;3000
Q800009;P1082;2214
Q4827843;P1082;1078
Q15275787;P1082;617
Q588198;P1082;1018
Q5647547;P1082;1829
Q5853040;P1082;88
Q2751941;P1082;507
Q6350469;P1082;223
Q2924783;P1082;21
Q16897686;P1082;294
Q3558278;P1082;1578
Q3334768;P1082;6121
Q12881156;P1082;186
Q1012038;P1082;2400
Q2774893;P1082;1001
Q4783594;P1082;305
Q7395771;P1082;77
Q572288;P1082;370
Q3116363;P1082;1789
Q6689868;P1082;84
Q2103252;P1082;225
Q16897484;P1082;72
Q3558651;P1082;263
Q275327;P1082;210
Q12182503;P1082;1010
Q5771828;P1082;8
Q5866261;P1082;14
Q2714489;P1082;8875
Q1982140;P1082;3720
Q2270798;P1082;947
Q4349267;P1082;1388
Q2446139;P1082;1105
Q4374567;P1082;12
Q5841864;P1082;1315
Q146510;P1082;15621
Q7504924;P1082;5842
Q3555667;P1082;976
Q16894666;P1082;459
Q2436887;P1082;2591
Q283425;P1082;679
Q2222800;P1082;143
Q3555808;P1082;855
Q2637747;P1082;6454
Q2626865;P1082;437
Q4936404;P1082;1270
Q16890195;P1082;0
Q1722925;P1082;10909
Q19886776;P1082;150
Q1498128;P1082;23700
Q16893509;P1082;258
Q1985430;P1082;1394
Q4702744;P1082;2640
Q2573803;P1082;1
Q2265763;P1082;932
Q253296;P1082;9728
Q2440333;P1082;1135
Q3625118;P1082;250
Q996516;P1082;2720
Q2996811;P1082;128
Q585994;P1082;3413
Q1009160;P1082;570
Q2438708;P1082;5676
Q2566545;P1082;4813
Q2639050;P1082;4497
Q741369;P1082;5185
Q6436684;P1082;180
Q3405207;P1082;134
Q1009254;P1082;880
Q4857788;P1082;1739
Q501658;P1082;309
Q5958204;P1082;112
Q4118344;P1082;14574
Q24343;P1082;15000
Q3555870;P1082;2006
Q7915622;P1082;710
Q2482463;P1082;1454
Q323869;P1082;531
Q3563593;P1082;651
Q13643128;P1082;809
Q50800;P1082;3303
Q16891144;P1082;583
Q2391935;P1082;1291
Q5724100;P1082;129
Q4505840;P1082;5282
Q5444331;P1082;164
Q1011140;P1082;550
Q4168583;P1082;751
Q5807048;P1082;100
Q1583732;P1082;1410
Q6726643;P1082;3720
Q5764045;P1082;747
Q612793;P1082;632
Q4231389;P1082;5197
Q5118916;P1082;5166
Q16897482;P1082;11
Q4737601;P1082;1762
Q2447593;P1082;2018
Q4750735;P1082;11918
Q6582684;P1082;4000
Q1011838;P1082;820
Q5953025;P1082;170
Q1774836;P1082;72
Q7291642;P1082;223
Q1229916;P1082;270
Q16897504;P1082;294
Q925524;P1082;1586
Q16897314;P1082;131
Q4527008;P1082;505
Q2738194;P1082;760
Q8145807;P1082;161
Q12229399;P1082;810
Q1982796;P1082;1024
Q572589;P1082;896
Q4617951;P1082;1307
Q1011570;P1082;1220
Q2443359;P1082;10907
Q7352064;P1082;2624
Q1748455;P1082;90
Q12883365;P1082;678
Q5706536;P1082;103
Q2439116;P1082;2514
Q3813763;P1082;839
Q5830336;P1082;943
Q8075904;P1082;79
Q7267368;P1082;3953
Q3555670;P1082;1899
Q5651403;P1082;99
Q12208948;P1082;3701
Q1018966;P1082;1079
Q1969845;P1082;5051
Q6356025;P1082;10908
Q2485705;P1082;145
Q2055673;P1082;89
Q1754455;P1082;699
Q20026679;P1082;135
Q2443254;P1082;789
Q2618988;P1082;3367
Q2446326;P1082;1380
Q1817504;P1082;10138
Q4070975;P1082;197
Q6693101;P1082;3334
Q16840594;P1082;330
Q2439139;P1082;2727
Q24728972;P1082;284
Q1984403;P1082;1077
Q12880085;P1082;113
Q2445189;P1082;1555
Q4424989;P1082;8792
Q805468;P1082;2560
Q16836093;P1082;419
Q3561475;P1082;1463
Q4509486;P1082;212
Q3305082;P1082;2260
Q16840580;P1082;178
Q16893396;P1082;238
Q1019141;P1082;4437
Q7604096;P1082;85
Q7417697;P1082;479
Q4873404;P1082;419
Q1988177;P1082;789
Q5818196;P1082;902
Q6749451;P1082;34
Q779310;P1082;702
Q3125085;P1082;630
Q7504778;P1082;879
Q250663;P1082;51246
Q3425856;P1082;5543
Q16897715;P1082;207
Q5285070;P1082;910
Q16841112;P1082;1216
Q12287308;P1082;132
Q586631;P1082;82
Q3242503;P1082;1105
Q5728234;P1082;190
Q1022734;P1082;6737
Q2097419;P1082;3424
Q4326253;P1082;1070
Q6275588;P1082;48
Q7975050;P1082;570
Q7100360;P1082;235
Q5818037;P1082;329
Q4506539;P1082;3346
Q3460580;P1082;1739
Q2638986;P1082;3307
Q7597243;P1082;1237
Q20644260;P1082;187
Q6666880;P1082;1240
Q4515608;P1082;622
Q2192771;P1082;342
Q1011990;P1082;800
Q1982843;P1082;17
Q1584414;P1082;1561
Q2480852;P1082;135
Q7305614;P1082;3540
Q4066204;P1082;7050
Q3567813;P1082;620
Q16897584;P1082;577
Q16849933;P1082;666
Q5252024;P1082;648
Q1714076;P1082;1363
Q2949626;P1082;4659
Q4099352;P1082;1039
Q791816;P1082;17970
Q769580;P1082;958
Q2874428;P1082;637
Q5194943;P1082;398
Q4209196;P1082;2891
Q1009288;P1082;1460
Q2827304;P1082;92
Q16893017;P1082;583
Q4202629;P1082;1322
Q1006990;P1082;9739
Q1044667;P1082;709
Q2439609;P1082;2271
Q1135211;P1082;659
Q6554878;P1082;555
Q666079;P1082;6000
Q14223122;P1082;6121
Q6450727;P1082;474
Q2064670;P1082;7768
Q3561526;P1082;904
Q5519254;P1082;13888
Q4299635;P1082;1075
Q3555789;P1082;533
Q2508033;P1082;894
Q4318887;P1082;212
Q2511103;P1082;4302
Q2987724;P1082;0
Q1965764;P1082;7853
Q985454;P1082;594
Q2179137;P1082;1138
Q7930248;P1082;353
Q27063684;P1082;1598
Q2607634;P1082;2100
Q6760581;P1082;58
Q2832407;P1082;54
Q4324725;P1082;4449
Q3040923;P1082;2565
Q3161418;P1082;142
Q4787823;P1082;374
Q6740084;P1082;1718
Q1141330;P1082;4053
Q2451621;P1082;1384
Q4794045;P1082;135
Q5800663;P1082;792
Q3656779;P1082;12
Q219951;P1082;1117
Q12879047;P1082;58
Q525087;P1082;495
Q66214;P1082;434
Q6809711;P1082;1812
Q2295370;P1082;318
Q4407006;P1082;2090
Q1010220;P1082;2100
Q5682109;P1082;900
Q1789548;P1082;1052
Q1280049;P1082;22831
Q13649850;P1082;112
Q2887601;P1082;3000
Q991951;P1082;620
Q2443332;P1082;1747
Q4120382;P1082;6633
Q2440121;P1082;2505
Q2440343;P1082;2247
Q82354;P1082;20709
Q16471097;P1082;40
Q2439308;P1082;489
Q3741394;P1082;785
Q12657366;P1082;165
Q10858145;P1082;2499
Q883795;P1082;282
Q2711656;P1082;1431
Q1786624;P1082;557
Q24684066;P1082;262
Q632418;P1082;3969
Q6346173;P1082;2146
Q2987957;P1082;60
Q2915523;P1082;6329
Q1384002;P1082;144
Q747336;P1082;5900
Q5046689;P1082;3000
Q4692514;P1082;217
Q523698;P1082;434
Q12880968;P1082;102
Q1988272;P1082;500
Q2914976;P1082;124
Q1977281;P1082;1900
Q10564018;P1082;455
Q1231790;P1082;496
Q3215464;P1082;471
Q1009612;P1082;4820
Q6418387;P1082;96
Q445159;P1082;560
Q568801;P1082;1523
Q12004273;P1082;1529
Q20990;P1082;720
Q5315302;P1082;2560
Q1987818;P1082;1682
Q7202303;P1082;3
Q10364082;P1082;109
Q7376669;P1082;42
Q5824138;P1082;8
Q2437130;P1082;1969
Q4335394;P1082;401
Q1011705;P1082;610
Q16893256;P1082;205
Q3333478;P1082;9371
Q7462245;P1082;16295
Q952009;P1082;2882
Q2437507;P1082;765
Q3563966;P1082;642
Q1991577;P1082;1278
Q2015909;P1082;604
Q2466197;P1082;2074
Q2011685;P1082;1570
Q1427693;P1082;207
Q5829142;P1082;2032
Q4155035;P1082;270
Q251677;P1082;3900
Q4703193;P1082;290
Q2450480;P1082;1432
Q4478590;P1082;59
Q1033066;P1082;84044
Q2936962;P1082;2279
Q6535333;P1082;988
Q16893798;P1082;436
Q774624;P1082;5410
Q4663412;P1082;399
Q1988247;P1082;1318
Q5808834;P1082;3514
Q6439012;P1082;13
Q4530793;P1082;1895
Q20018432;P1082;60
Q1016963;P1082;2420
Q2390505;P1082;1186
Q2046643;P1082;350
Q1526948;P1082;6329
Q2752711;P1082;694
Q3478392;P1082;6
Q1999592;P1082;1835
Q2190583;P1082;2935
Q5864585;P1082;163
Q146542;P1082;6683
Q31281;P1082;561
Q278182;P1082;1240
Q1012319;P1082;1270
Q5762889;P1082;744
Q1009114;P1082;4780
Q7689761;P1082;24105
Q2439579;P1082;1387
Q3334753;P1082;11215
Q2626791;P1082;2872
Q1009428;P1082;850
Q3560179;P1082;481
Q6346193;P1082;30000
Q2685999;P1082;455
Q1780381;P1082;6084
Q2729234;P1082;34
Q2104338;P1082;286
Q446677;P1082;402
Q5712996;P1082;413
Q4068605;P1082;319
Q4701891;P1082;74
Q1991175;P1082;1072
Q907449;P1082;674
Q3268051;P1082;1720
Q304044;P1082;1017
Q4070332;P1082;602
Q24728641;P1082;412
Q852260;P1082;205
Q3849656;P1082;578
Q1221534;P1082;1639
Q772155;P1082;1764
Q5046484;P1082;190
Q3439114;P1082;640
Q1011252;P1082;1060
Q8076585;P1082;957
Q6503321;P1082;1413
Q5454332;P1082;684
Q3564759;P1082;228
Q276115;P1082;129
Q1982177;P1082;4360
Q685369;P1082;291
Q5331973;P1082;692
Q476546;P1082;441
Q4350000;P1082;3426
Q5778540;P1082;391
Q7495774;P1082;5584
Q895452;P1082;560
Q1976164;P1082;1907
Q7505235;P1082;795
Q4325073;P1082;119
Q2917274;P1082;1945
Q7857481;P1082;2040
Q3301276;P1082;123
Q762067;P1082;425
Q2392626;P1082;1208
Q486834;P1082;346
Q2440115;P1082;1830
Q4191763;P1082;139
Q4474836;P1082;139
Q391552;P1082;441
Q5754932;P1082;580
Q16896557;P1082;525
Q52043;P1082;475
Q9108364;P1082;109
Q22284435;P1082;627
Q652980;P1082;1171
Q6492357;P1082;1191
Q2031428;P1082;25194
Q6202746;P1082;2571
Q1009925;P1082;620
Q1001529;P1082;356
Q7535630;P1082;626
Q5297639;P1082;3215
Q7504824;P1082;551
Q2341030;P1082;1833
Q19612570;P1082;1265
Q4309401;P1082;3305
Q609232;P1082;2336
Q1849898;P1082;601
Q1009885;P1082;660
Q2438089;P1082;1935
Q2438669;P1082;1324
Q16897501;P1082;2
Q2439123;P1082;5922
Q1992267;P1082;669
Q2443416;P1082;1070
Q4665923;P1082;2349
Q11001478;P1082;620
Q2639830;P1082;708
Q5822082;P1082;1320
Q2473316;P1082;5964
Q1983286;P1082;2708
Q12831038;P1082;616
Q5046678;P1082;2420
Q2439877;P1082;1617
Q1969309;P1082;1430
Q1013757;P1082;3730
Q546299;P1082;729
Q4702330;P1082;14208
Q24239691;P1082;728
Q4576043;P1082;6517
Q5801765;P1082;363
Q2626003;P1082;2783
Q4833445;P1082;916
Q1520296;P1082;2878
Q2277232;P1082;2723
Q5367281;P1082;580
Q653438;P1082;1810
Q7129866;P1082;906
Q849228;P1082;2574
Q431365;P1082;403
Q4692628;P1082;342
Q1014258;P1082;2471
Q5787735;P1082;374
Q4865150;P1082;24
Q17070263;P1082;54
Q4778810;P1082;727
Q2445204;P1082;919
Q7661276;P1082;750
Q3643167;P1082;46686
Q1025780;P1082;1554
Q1990771;P1082;1636
Q3566392;P1082;1681
Q734410;P1082;5997
Q5737109;P1082;803
Q6432455;P1082;242
Q6912965;P1082;1090
Q1975999;P1082;3497
Q6440876;P1082;852
Q4119296;P1082;2896
Q6746787;P1082;6203
Q7126573;P1082;255
Q1009725;P1082;1060
Q11171753;P1082;427
Q2672300;P1082;549
Q5414890;P1082;9993
Q1013611;P1082;920
Q8050647;P1082;4030
Q2385336;P1082;1355
Q16736457;P1082;13
Q16896260;P1082;140
Q4783747;P1082;335
Q4413813;P1082;4349
Q1568906;P1082;147
Q4386887;P1082;300
Q5055732;P1082;1796
Q28008450;P1082;5179
Q12200613;P1082;770
Q7200801;P1082;1898
Q3558269;P1082;644
Q6897577;P1082;10000
Q16897409;P1082;478
Q2282673;P1082;1908
Q12062266;P1082;600
Q12880011;P1082;812
Q1013798;P1082;3180
Q4183186;P1082;1290
Q2439862;P1082;619
Q5777331;P1082;121
Q5861394;P1082;449
Q734453;P1082;3153
Q547776;P1082;421
Q185290;P1082;442
Q2298437;P1082;1687
Q1011149;P1082;530
Q1025875;P1082;1033
Q2777426;P1082;3719
Q13649116;P1082;1071
Q3557719;P1082;30
Q16897514;P1082;377
Q3562616;P1082;211
Q3563586;P1082;203
Q7360063;P1082;1025
Q4330829;P1082;2228
Q659884;P1082;1870
Q4702887;P1082;7547
Q6420991;P1082;304
Q3405733;P1082;573
Q5396422;P1082;1367
Q5308019;P1082;44
Q935624;P1082;35
Q4727721;P1082;444
Q2437164;P1082;2926
Q5768674;P1082;50
Q2571873;P1082;905
Q1009766;P1082;315
Q506154;P1082;133
Q8049267;P1082;167
Q7363233;P1082;605
Q3116892;P1082;171
Q6414085;P1082;520
Q1021625;P1082;355
Q6730069;P1082;55
Q7129305;P1082;87
Q16151920;P1082;3
Q2274800;P1082;865
Q6003918;P1082;431
Q1832065;P1082;893
Q968107;P1082;417
Q2440052;P1082;3860
Q4488719;P1082;328
Q1026775;P1082;570
Q2148317;P1082;278
Q1717899;P1082;749
Q2606178;P1082;140
Q2051589;P1082;1060
Q4703284;P1082;2413
Q5668969;P1082;0
Q2090059;P1082;3265
Q4230165;P1082;1997
Q2443295;P1082;2393
Q1507955;P1082;628
Q5039238;P1082;3190
Q253311;P1082;2654
Q4383624;P1082;7
Q7849672;P1082;259
Q3555880;P1082;832
Q5792995;P1082;799
Q999785;P1082;967
Q3082400;P1082;10
Q16994027;P1082;45
Q992768;P1082;3040
Q5780472;P1082;781
Q1014075;P1082;1430
Q24684081;P1082;928
Q3646144;P1082;3
Q1091723;P1082;1729
Q1982568;P1082;1683
Q15616274;P1082;1766
Q3555678;P1082;621
Q4662927;P1082;67
Q8081409;P1082;16
Q8014241;P1082;39
Q2443406;P1082;967
Q2987977;P1082;240
Q3995788;P1082;1020
Q2283019;P1082;2185
Q4759416;P1082;22
Q2227654;P1082;509
Q13643098;P1082;1703
Q6464620;P1082;587
Q747508;P1082;806
Q2066502;P1082;13405
Q12248521;P1082;5780
Q644699;P1082;26337
Q21588762;P1082;353
Q2439590;P1082;2832
Q21560173;P1082;211
Q1144109;P1082;163
Q5766185;P1082;182
Q5662913;P1082;14
Q5473903;P1082;178
Q2910830;P1082;231
Q1750929;P1082;31
Q3103071;P1082;3210
Q4702932;P1082;2240
Q5680186;P1082;38
Q4217148;P1082;905
Q43530;P1082;64
Q2080414;P1082;184
Q646804;P1082;10
Q12885737;P1082;46
Q7375557;P1082;813
Q5620484;P1082;421
Q5645547;P1082;631
Q2777621;P1082;1130
Q1645039;P1082;14530
Q6961595;P1082;837
Q6930490;P1082;1304
Q6449717;P1082;366
Q24728951;P1082;410
Q7333821;P1082;100
Q5804620;P1082;407
Q2455560;P1082;1560
Q219427;P1082;1970
Q20050793;P1082;2340
Q6383399;P1082;303
Q1023307;P1082;20450
Q5664448;P1082;20559
Q16834144;P1082;463
Q24910890;P1082;37
Q549874;P1082;556
Q2452806;P1082;2991
Q160543;P1082;197
Q4769818;P1082;105
Q6821317;P1082;97
Q4692667;P1082;178
Q2448565;P1082;593
Q2448384;P1082;956
Q3110836;P1082;2801
Q2638544;P1082;9138
Q4114;P1082;670
Q12293727;P1082;113
Q1984329;P1082;3093
Q5829387;P1082;2640
Q2442854;P1082;1604
Q5766040;P1082;93
Q4301255;P1082;314
Q2254041;P1082;1072
Q4680797;P1082;581
Q2449915;P1082;2802
Q20628227;P1082;476
Q1153296;P1082;1930
Q7134913;P1082;1043
Q2993511;P1082;7238
Q15232387;P1082;53
Q6672000;P1082;540
Q1984037;P1082;1068
Q3560594;P1082;28
Q15540317;P1082;430
Q1919824;P1082;6127
Q12675915;P1082;90
Q2276871;P1082;527
Q2447838;P1082;2962
Q1009731;P1082;960
Q7294722;P1082;3332
Q6346161;P1082;360
Q4527424;P1082;2220
Q6374782;P1082;79
Q2453839;P1082;929
Q1011778;P1082;1270
Q1773816;P1082;936
Q12084526;P1082;1677
Q3564837;P1082;378
Q5223803;P1082;5295
Q12882253;P1082;442
Q7683896;P1082;282
Q4494368;P1082;5141
Q24239692;P1082;510
Q2000279;P1082;4697
Q1010537;P1082;1740
Q669400;P1082;208
Q1011526;P1082;1090
Q1722485;P1082;452
Q806131;P1082;1620
Q4560187;P1082;275
Q3559525;P1082;374
Q6743643;P1082;2262
Q4833549;P1082;383
Q3974814;P1082;1078
Q1925192;P1082;443
Q2639058;P1082;1352
Q6645027;P1082;1062
Q878879;P1082;9145
Q5765818;P1082;86
Q1011555;P1082;2690
Q12230985;P1082;733
Q5285062;P1082;665
Q24729276;P1082;525
Q2436781;P1082;793
Q521326;P1082;138
Q3335259;P1082;6598
Q1068140;P1082;14733
Q14919470;P1082;93
Q2693076;P1082;624
Q15221461;P1082;44
Q2279918;P1082;2192
Q5790944;P1082;687
Q16896203;P1082;39
Q600486;P1082;14445
Q4069611;P1082;4776
Q19963384;P1082;0
Q5800863;P1082;1902
Q4982085;P1082;2252
Q740804;P1082;2762
Q4761978;P1082;116
Q1003877;P1082;38220
Q5662585;P1082;1268
Q5179718;P1082;2700
Q2446729;P1082;2573
Q1092371;P1082;516
Q5188314;P1082;3980
Q3494835;P1082;75
Q2638965;P1082;4038
Q2228669;P1082;4648
Q7021573;P1082;851
Q984274;P1082;1637
Q6432114;P1082;296
Q1984695;P1082;2293
Q825412;P1082;879
Q2450726;P1082;1334
Q4692508;P1082;294
Q1013733;P1082;1990
Q5640130;P1082;109
Q8054291;P1082;480
Q4692511;P1082;480
Q6434289;P1082;23
Q1991137;P1082;2542
Q4860564;P1082;2960
Q1711565;P1082;811
Q5855739;P1082;2704
Q3563150;P1082;799
Q4120571;P1082;1986
Q1098854;P1082;2445
Q3403449;P1082;1993
Q3564782;P1082;114
Q1773777;P1082;528
Q16893421;P1082;4
Q4467541;P1082;348
Q1014254;P1082;486
Q7065107;P1082;1
Q2571309;P1082;230
Q1714579;P1082;322
Q5717164;P1082;3175
Q1997774;P1082;928
Q5700884;P1082;788
Q6890640;P1082;274
Q1987033;P1082;363
Q16897410;P1082;275
Q16950164;P1082;1504
Q18764526;P1082;2628
Q4174709;P1082;2747
Q6904927;P1082;274
Q1025664;P1082;2620
Q1027196;P1082;821
Q7801613;P1082;520
Q4689252;P1082;1215
Q5859030;P1082;58
Q2377051;P1082;5063
Q5556931;P1082;6348
Q1009836;P1082;484
Q6798257;P1082;934
Q3564869;P1082;61
Q2444706;P1082;1057
Q15056863;P1082;1699
Q2424760;P1082;1844
Q2680450;P1082;208
Q10862798;P1082;23
Q6155122;P1082;1784
Q7973987;P1082;1330
Q5087273;P1082;566
Q581494;P1082;673
Q3755113;P1082;498
Q2619105;P1082;1384
Q2450511;P1082;1015
Q11885628;P1082;586
Q3564071;P1082;1667
Q2098147;P1082;5330
Q7294973;P1082;327
Q2448373;P1082;1848
Q3492204;P1082;92
Q1989670;P1082;811
Q6378031;P1082;32
Q7599403;P1082;1410
Q1659808;P1082;2034
Q1258883;P1082;3478
Q5855332;P1082;757
Q607169;P1082;1478
Q4518846;P1082;7621
Q3402425;P1082;877
Q16891203;P1082;2963
Q2064705;P1082;3200
Q16897712;P1082;1046
Q3111110;P1082;32
Q5767110;P1082;25
Q4200126;P1082;19
Q5848786;P1082;126
Q7267724;P1082;918
Q4215986;P1082;641
Q1479541;P1082;33
Q5790201;P1082;940
Q6453927;P1082;725
Q67585;P1082;596
Q5561859;P1082;253
Q5187455;P1082;1608
Q4894721;P1082;883
Q22344155;P1082;1562
Q3607019;P1082;436
Q16897513;P1082;1017
Q2450759;P1082;474
Q5003451;P1082;644
Q726843;P1082;1045
Q6122586;P1082;2412
Q4811386;P1082;132
Q1025709;P1082;680
Q5807137;P1082;496
Q1991127;P1082;1355
Q31227;P1082;1682
Q615562;P1082;1762
Q3974889;P1082;1248
Q924520;P1082;890
Q1011615;P1082;950
Q7694134;P1082;41786
Q3738318;P1082;466
Q2060955;P1082;12614
Q6400595;P1082;538
Q5963177;P1082;103
Q5777528;P1082;248
Q597446;P1082;4830
Q16894414;P1082;222
Q5939785;P1082;1884
Q5091523;P1082;142
Q3335264;P1082;10593
Q3401703;P1082;152
Q6673593;P1082;337
Q3298967;P1082;70
Q6315094;P1082;76
Q888803;P1082;5837
Q5768343;P1082;42
Q990130;P1082;9382
Q6319248;P1082;425
Q4234900;P1082;5118
Q5551956;P1082;1535
Q2331262;P1082;1525
Q2707725;P1082;933
Q4918118;P1082;366
Q5764918;P1082;96
Q3564317;P1082;246
Q2987735;P1082;115
Q4465434;P1082;547
Q1988204;P1082;1434
Q2439154;P1082;3449
Q2986492;P1082;1754
Q1267382;P1082;3972
Q3265279;P1082;35000
Q2556208;P1082;976
Q2987947;P1082;269
Q1736959;P1082;6913
Q1779828;P1082;328
Q15982272;P1082;7157
Q1026208;P1082;503
Q4967772;P1082;4420
Q2452085;P1082;4337
Q2447701;P1082;1700
Q6707260;P1082;110
Q16897538;P1082;300
Q339226;P1082;2176
Q2103804;P1082;1292
Q5614522;P1082;170
Q3410615;P1082;399
Q4542127;P1082;0
Q1934815;P1082;640
Q7594086;P1082;1170
Q3028239;P1082;4700
Q1010180;P1082;2880
Q304465;P1082;378
Q16896238;P1082;16
Q5829256;P1082;1051
Q2453794;P1082;843
Q1984014;P1082;1314
Q607312;P1082;176
Q16890985;P1082;14
Q2439319;P1082;3084
Q3301301;P1082;250
Q16896024;P1082;4
Q2297897;P1082;1302
Q1824921;P1082;1057
Q1009979;P1082;2500
Q583316;P1082;1912
Q5222409;P1082;1497
Q1185714;P1082;8657
Q11135981;P1082;110
Q1027159;P1082;9682
Q5096617;P1082;472
Q1988264;P1082;4128
Q5834411;P1082;635
Q5473153;P1082;3281
Q1001541;P1082;553
Q5768447;P1082;213
Q4440052;P1082;4604
Q17051292;P1082;69
Q1190938;P1082;798
Q4357913;P1082;348
Q4326605;P1082;2113
Q3394331;P1082;817
Q7938144;P1082;40
Q4469873;P1082;501
Q24729271;P1082;1048
Q939235;P1082;193
Q4877452;P1082;3866
Q7168470;P1082;1616
Q2657124;P1082;4660
Q7363330;P1082;1584
Q1984006;P1082;1140
Q7995824;P1082;770
Q4831505;P1082;4125
Q13646020;P1082;2326
Q1982517;P1082;1685
Q1020223;P1082;660
Q5573719;P1082;4
Q491102;P1082;129960
Q2473483;P1082;4273
Q2858002;P1082;2225
Q688652;P1082;17224
Q3195166;P1082;18332
Q1010066;P1082;750
Q4952506;P1082;226
Q4391590;P1082;8182
Q1947455;P1082;28209
Q3563723;P1082;308
Q1907164;P1082;1328
Q7796484;P1082;2020
Q3564802;P1082;308
Q3558787;P1082;365
Q12881382;P1082;560
Q4514006;P1082;3085
Q1011133;P1082;1950
Q3400633;P1082;6160
Q6346221;P1082;17052
Q607663;P1082;5099
Q16897176;P1082;837
Q2667578;P1082;4245
Q757780;P1082;848
Q19963471;P1082;50
Q7695101;P1082;7728
Q2204244;P1082;12
Q2737458;P1082;558
Q6426290;P1082;391
Q1983241;P1082;1353
Q16896299;P1082;523
Q3467443;P1082;1094
Q1009694;P1082;640
Q3093538;P1082;199
Q13644933;P1082;4964
Q16897489;P1082;161
Q13649793;P1082;1547
Q212088;P1082;2110
Q16833611;P1082;639
Q1619918;P1082;406
Q750762;P1082;1156
Q5102653;P1082;50
Q2040362;P1082;411
Q739639;P1082;664
Q3556131;P1082;1651
Q18766219;P1082;1340
Q2729296;P1082;4000
Q2612810;P1082;77
Q12678181;P1082;40
Q1418411;P1082;530
Q1024703;P1082;7019
Q428041;P1082;610
Q2446073;P1082;758
Q1991651;P1082;3846
Q5211472;P1082;711
Q4529401;P1082;516
Q2578468;P1082;3806
Q2820114;P1082;353
Q4162107;P1082;1218
Q5675266;P1082;3596
Q5712371;P1082;212
Q571900;P1082;772
Q1983254;P1082;1092
Q3567555;P1082;92
Q5836736;P1082;435
Q15224618;P1082;232
Q3566828;P1082;725
Q7942570;P1082;21
Q6426671;P1082;95
Q2626556;P1082;761
Q3560628;P1082;451
Q7362752;P1082;302
Q4701446;P1082;16
Q3458895;P1082;45853
Q380624;P1082;838
Q8255232;P1082;868
Q16449632;P1082;75
Q2593068;P1082;167
Q4256040;P1082;0
Q728224;P1082;1012
Q2450547;P1082;1728
Q1009662;P1082;1180
Q16058195;P1082;429
Q5415824;P1082;127
Q31288;P1082;3462
Q2530261;P1082;52258
Q15178850;P1082;16267
Q3376354;P1082;39
Q4692420;P1082;49
Q7228397;P1082;2800
Q5516917;P1082;515
Q1991158;P1082;755
Q4506067;P1082;1729
Q2262525;P1082;17628
Q3562704;P1082;23
Q1011148;P1082;6890
Q4841714;P1082;245
Q4529390;P1082;472
Q4692492;P1082;168
Q2197148;P1082;1390
Q2010423;P1082;573
Q2638258;P1082;1529
Q3012675;P1082;115
Q16837220;P1082;601
Q2900018;P1082;30000
Q3793438;P1082;442
Q11851394;P1082;651
Q446334;P1082;143
Q5764573;P1082;34
Q7417107;P1082;740
Q4419075;P1082;289
Q1773810;P1082;495
Q19965991;P1082;1
Q2446101;P1082;1254
Q6739467;P1082;1469
Q1009866;P1082;840
Q5716270;P1082;48
Q4865721;P1082;92
Q2453850;P1082;1323
Q6529399;P1082;358
Q1144133;P1082;419
Q1808633;P1082;451
Q3192739;P1082;1066
Q1993597;P1082;154
Q1009891;P1082;1950
Q3567068;P1082;163
Q16890214;P1082;7
Q12211346;P1082;865
Q12872904;P1082;69
Q6401475;P1082;2325
Q1773822;P1082;188
Q4696822;P1082;535
Q5662448;P1082;131
Q5834905;P1082;664
Q1983294;P1082;1
Q1984988;P1082;3080
Q2629183;P1082;891
Q2379432;P1082;381
Q1800099;P1082;131
Q638046;P1082;3400
Q5780319;P1082;561
Q5837783;P1082;1134
Q1024102;P1082;3155
Q2451576;P1082;1723
Q2950506;P1082;20
Q511938;P1082;795
Q12073848;P1082;477
Q918970;P1082;4542
Q11159042;P1082;477
Q1193012;P1082;1789
Q16848996;P1082;1
Q160415;P1082;705
Q5347659;P1082;266
Q2424554;P1082;2300
Q10963204;P1082;95
Q1870143;P1082;2717
Q5247201;P1082;413
Q3448684;P1082;6313
Q684297;P1082;172
Q1009340;P1082;3140
Q4900295;P1082;1245
Q6434219;P1082;72
Q2449754;P1082;1636
Q4900814;P1082;4382
Q844820;P1082;1196
Q2477916;P1082;102
Q21560674;P1082;0
Q3739755;P1082;5899
Q326957;P1082;1575
Q3564056;P1082;1115
Q3555660;P1082;1606
Q2202345;P1082;122
Q12282718;P1082;524
Q996675;P1082;710
Q5814854;P1082;299
Q3562592;P1082;367
Q1991015;P1082;1355
Q1984138;P1082;64
Q7428679;P1082;6988
Q6270831;P1082;991
Q16899825;P1082;509
Q6654234;P1082;237
Q5614731;P1082;400
Q3558055;P1082;181
Q2439511;P1082;3092
Q15233087;P1082;592
Q2439539;P1082;709
Q5138033;P1082;1250
Q2918696;P1082;313
Q2437686;P1082;3795
Q3881426;P1082;5401
Q3027075;P1082;928
Q3556059;P1082;1038
Q7227967;P1082;1232
Q1778880;P1082;1576
Q2333539;P1082;61
Q3506125;P1082;132
Q1003301;P1082;657
Q990677;P1082;1240
Q2639010;P1082;4263
Q15241165;P1082;63
Q6401728;P1082;360
Q7232160;P1082;19
Q4810534;P1082;1100
Q3556146;P1082;1206
Q6454424;P1082;46
Q6851859;P1082;169
Q4789721;P1082;41
Q341107;P1082;13405
Q3907661;P1082;203
Q4495757;P1082;754
Q1179834;P1082;21692
Q644031;P1082;135
Q12731735;P1082;94
Q1123060;P1082;600
Q15113722;P1082;94
Q16891496;P1082;87
Q1241544;P1082;2805
Q943240;P1082;287
Q4789536;P1082;2620
Q7575984;P1082;3988
Q5430546;P1082;1400
Q4788747;P1082;2142
Q1780393;P1082;6825
Q4493078;P1082;744
Q4271027;P1082;200
Q995193;P1082;433
Q2436823;P1082;1488
Q3740124;P1082;358
Q4317589;P1082;2528
Q5315761;P1082;759
Q2994707;P1082;357
Q5775676;P1082;778
Q1010044;P1082;890
Q282083;P1082;486
Q5804435;P1082;166
Q3398339;P1082;455
Q1959393;P1082;764
Q7796582;P1082;590
Q6984302;P1082;153
Q4495756;P1082;603
Q94381;P1082;94
Q160216;P1082;316
Q4846077;P1082;166
Q2725909;P1082;304
Q5395549;P1082;1500
Q6401527;P1082;223
Q1771337;P1082;2677
Q2437674;P1082;129
Q20948947;P1082;351
Q4789951;P1082;232
Q2561712;P1082;101
Q5211618;P1082;1620
Q2152846;P1082;240
Q7499993;P1082;1264
Q6823315;P1082;504
Q1020227;P1082;1080
Q4831969;P1082;1910
Q5809901;P1082;872
Q16896567;P1082;789
Q5826640;P1082;1655
Q4118567;P1082;13315
Q4507191;P1082;886
Q4854192;P1082;556
Q1242136;P1082;14927
Q1982540;P1082;3016
Q13649977;P1082;1913
Q2379856;P1082;1708
Q6488101;P1082;20
Q2442893;P1082;509
Q13649148;P1082;2113
Q12216991;P1082;2583
Q6427261;P1082;123
Q3565823;P1082;1003
Q182340;P1082;1407
Q16827609;P1082;724
Q3884178;P1082;18563
Q3614648;P1082;536
Q1948440;P1082;22630
Q3563754;P1082;523
Q16667092;P1082;1323
Q5815803;P1082;39
Q50644;P1082;654
Q3404986;P1082;550
Q3813820;P1082;844
Q3439048;P1082;3130
Q3783979;P1082;550
Q5216172;P1082;1572
Q3563788;P1082;99
Q3564920;P1082;51
Q3980;P1082;1980
Q5116731;P1082;5021
Q12881462;P1082;1559
Q1009826;P1082;148
Q4927006;P1082;159
Q8048581;P1082;21049
Q16829056;P1082;2642
Q5349599;P1082;814
Q2523597;P1082;9517
Q2392547;P1082;6247
Q1989253;P1082;663
Q12876895;P1082;71
Q1017010;P1082;1410
Q6277416;P1082;931
Q4498652;P1082;3728
Q383584;P1082;2325
Q2088659;P1082;435
Q2034853;P1082;902
Q1011611;P1082;640
Q1985005;P1082;1555
Q4838018;P1082;25
Q4207914;P1082;307
Q5316112;P1082;3032
Q5552400;P1082;43
Q7514296;P1082;40
Q3304733;P1082;139
Q3404757;P1082;1229
Q16858984;P1082;663
Q3070888;P1082;1405
Q12187629;P1082;4609
Q1798195;P1082;726
Q4175038;P1082;800
Q5530106;P1082;39
Q3564724;P1082;22
Q1858244;P1082;3444
Q1011533;P1082;4000
Q2498586;P1082;269
Q2450494;P1082;957
Q4772985;P1082;2838
Q5855810;P1082;918
Q3556127;P1082;828
Q15229576;P1082;1960
Q3565702;P1082;49
Q6732359;P1082;6140
Q4071053;P1082;297
Q5726158;P1082;763
Q4887910;P1082;20065
Q3555748;P1082;1693
Q2264395;P1082;13119
Q2438023;P1082;3114
Q3257350;P1082;2207
Q4789210;P1082;19
Q160158;P1082;174
Q2440142;P1082;1713
Q4904210;P1082;140
Q5318620;P1082;20718
Q7687248;P1082;15985
Q5197175;P1082;4295
Q932440;P1082;3268
Q3567080;P1082;11
Q5305676;P1082;9299
Q16736459;P1082;29
Q3566812;P1082;993
Q7305628;P1082;2050
Q2987137;P1082;10
Q526832;P1082;130
Q4830923;P1082;23425
Q5764863;P1082;40
Q2098932;P1082;698
Q4277483;P1082;1430
Q4865348;P1082;71
Q2582838;P1082;1483
Q5432280;P1082;2880
Q7201438;P1082;742
Q2713473;P1082;3160
Q5833736;P1082;296
Q1010142;P1082;1360
Q3414310;P1082;5903
Q3981;P1082;1100
Q677673;P1082;405
Q4090923;P1082;441
Q1011331;P1082;2820
Q4211645;P1082;572
Q2437676;P1082;2188
Q598500;P1082;2844
Q2298916;P1082;75
Q2746117;P1082;3361
Q4779399;P1082;103
Q3041358;P1082;1150
Q10713321;P1082;3
Q3562623;P1082;455
Q12007395;P1082;212
Q940211;P1082;2848
Q1013176;P1082;405
Q4478599;P1082;22
Q4086731;P1082;181
Q6017920;P1082;34
Q24729325;P1082;540
Q6783116;P1082;237
Q940512;P1082;1344
Q820013;P1082;111
Q4197238;P1082;7382
Q2907815;P1082;428
Q1001578;P1082;287
Q258845;P1082;10756
Q3565361;P1082;22
Q4730336;P1082;3068
Q5625410;P1082;34
Q2442455;P1082;2411
Q4408950;P1082;666
Q3633196;P1082;3870
Q2451032;P1082;1366
Q2984215;P1082;4000
Q7941795;P1082;87
Q1983950;P1082;990
Q7566839;P1082;124
Q5074318;P1082;182
Q1027584;P1082;4328
Q6397982;P1082;340
Q4335837;P1082;5456
Q1896205;P1082;14825
Q7919596;P1082;14
Q4214241;P1082;331
Q7268148;P1082;385
Q4466429;P1082;5901
Q8188021;P1082;1347
Q5105254;P1082;147
Q16834155;P1082;626
Q2642561;P1082;5778
Q18764486;P1082;345
Q171267;P1082;1361
Q6377757;P1082;107
Q2415883;P1082;357
Q6395051;P1082;607
Q2757855;P1082;1383
Q5863590;P1082;115
Q428686;P1082;1364
Q2385322;P1082;2093
Q3558064;P1082;525
Q12874901;P1082;379
Q1895761;P1082;39901
Q5825121;P1082;2587
Q261317;P1082;513
Q5787979;P1082;256
Q33556;P1082;278
Q618224;P1082;722
Q171266;P1082;2116
Q3738413;P1082;128
Q2141235;P1082;102
Q998625;P1082;560
Q1065530;P1082;342
Q4837276;P1082;117
Q15224792;P1082;329
Q16890337;P1082;77
Q2276075;P1082;248
Q6430111;P1082;332
Q7067512;P1082;61
Q2523420;P1082;7959
Q6689861;P1082;278
Q470509;P1082;6626
Q4429922;P1082;720
Q2735497;P1082;1662
Q4853009;P1082;27
Q1023935;P1082;2645
Q6346216;P1082;1310
Q4170346;P1082;2354
Q5073876;P1082;812
Q2652181;P1082;6863
Q2439298;P1082;1191
Q2452983;P1082;788
Q3561400;P1082;406
Q931349;P1082;524
Q2446147;P1082;962
Q2605314;P1082;1528
Q12876474;P1082;493
Q2390494;P1082;6462
Q474687;P1082;641
Q4328028;P1082;656
Q2626562;P1082;505
Q4797455;P1082;150
Q5848239;P1082;996
Q8064268;P1082;174
Q7232157;P1082;80
Q1009852;P1082;1970
Q15232245;P1082;1709
Q7231818;P1082;314
Q4328663;P1082;506
Q2468240;P1082;550
Q5331997;P1082;473
Q4305272;P1082;2229
Q5846583;P1082;1336
Q4092414;P1082;730
Q987782;P1082;2690
Q393931;P1082;44
Q28172919;P1082;8162
Q5002089;P1082;1603
Q1020378;P1082;810
Q12820312;P1082;5596
Q16893380;P1082;1385
Q4819444;P1082;720
Q12271194;P1082;481
Q7547425;P1082;2026
Q5689344;P1082;1700
Q1991193;P1082;819
Q2928449;P1082;384
Q4333598;P1082;27
Q3024232;P1082;5313
Q16897540;P1082;620
Q13580230;P1082;18
Q6661027;P1082;4501
Q1093414;P1082;9255
Q2565855;P1082;11123
Q3563483;P1082;97
Q6841632;P1082;136
Q7071265;P1082;275
Q2364706;P1082;166
Q4697677;P1082;436
Q2749706;P1082;1551
Q7263518;P1082;469
Q5353328;P1082;394
Q6363546;P1082;71
Q16826997;P1082;557
Q12880301;P1082;214
Q6353496;P1082;1624
Q5259257;P1082;1610
Q1027199;P1082;569
Q1140817;P1082;1091
Q12666597;P1082;124
Q1280840;P1082;814
Q1983268;P1082;1033
Q7127567;P1082;820
Q7269242;P1082;740
Q24239689;P1082;418
Q3742242;P1082;663
Q6356843;P1082;85
Q12877227;P1082;118
Q1260353;P1082;322
Q3951221;P1082;2856
Q806587;P1082;6340
Q4093240;P1082;4052
Q1010320;P1082;4700
Q1988241;P1082;961
Q7837984;P1082;745
Q2987184;P1082;83
Q5091167;P1082;1157
Q5714483;P1082;647
Q5859958;P1082;160
Q5814186;P1082;126
Q2638556;P1082;808
Q4858001;P1082;120
Q1015818;P1082;880
Q5089625;P1082;346
Q1135239;P1082;382
Q1004316;P1082;502
Q5067676;P1082;415
Q1009777;P1082;590
Q2014831;P1082;464
Q2714541;P1082;3466
Q2447330;P1082;2383
Q12082650;P1082;958
Q768915;P1082;477
Q750320;P1082;99
Q2989314;P1082;230
Q3558668;P1082;195
Q954068;P1082;854
Q2259753;P1082;687
Q1993058;P1082;1920
Q7899509;P1082;525
Q43606;P1082;25
Q1799536;P1082;8048
Q20624912;P1082;5133
Q4593133;P1082;582
Q792496;P1082;3627
Q1995925;P1082;815
Q2598753;P1082;32758
Q2733281;P1082;3700
Q7322293;P1082;2317
Q4238173;P1082;71
Q1986314;P1082;2148
Q1071611;P1082;1067
Q1275240;P1082;9826
Q890715;P1082;11232
Q6445466;P1082;292
Q1018982;P1082;406
Q6668779;P1082;0
Q16896237;P1082;18
Q2717027;P1082;668
Q3564792;P1082;125
Q2443242;P1082;2463
Q16897533;P1082;216
Q939277;P1082;763
Q15057684;P1082;652
Q955668;P1082;7894
Q1886025;P1082;1010
Q6896307;P1082;100
Q6394778;P1082;365
Q16896309;P1082;2
Q2035856;P1082;350
Q912723;P1082;10061
Q2787064;P1082;876
Q6398825;P1082;317
Q238510;P1082;1281
Q2439140;P1082;961
Q2437980;P1082;707
Q7065433;P1082;132
Q4072330;P1082;4429
Q16901395;P1082;8
Q4116040;P1082;31683
Q999333;P1082;4399
Q31277;P1082;628
Q697893;P1082;5000
Q16893395;P1082;670
Q2915766;P1082;13337
Q1010000;P1082;2100
Q263192;P1082;363
Q2038969;P1082;1397
Q1013260;P1082;1220
Q4227424;P1082;4807
Q815578;P1082;199
Q1013533;P1082;990
Q1982134;P1082;984
Q7546758;P1082;43
Q406146;P1082;6689
Q4696796;P1082;226
Q2411273;P1082;452
Q4518824;P1082;197
Q1900800;P1082;937
Q10858059;P1082;440
Q6435105;P1082;178
Q988522;P1082;3400
Q6472143;P1082;636
Q382050;P1082;458
Q16858881;P1082;491
Q3561760;P1082;362
Q1748459;P1082;396
Q950171;P1082;82
Q1028777;P1082;1441
Q2105756;P1082;11915
Q5523570;P1082;590
Q7235563;P1082;414
Q2666735;P1082;294
Q1767084;P1082;228
Q5790314;P1082;154
Q164493;P1082;224
Q10997530;P1082;15169
Q1983219;P1082;1171
Q437016;P1082;342
Q5509527;P1082;690
Q1774926;P1082;1293
Q2262994;P1082;3685
Q837664;P1082;678
Q3556113;P1082;1247
Q1001951;P1082;10535
Q6443036;P1082;47
Q902615;P1082;3112
Q248201;P1082;4492
Q12880891;P1082;135
Q4176860;P1082;3326
Q5764604;P1082;39
Q4806509;P1082;100
Q2448285;P1082;19201
Q4104989;P1082;1154
Q747777;P1082;5170
Q3555652;P1082;771
Q16322878;P1082;756
Q5674615;P1082;2620
Q2562935;P1082;1980
Q1814845;P1082;16900
Q1991107;P1082;2486
Q13518272;P1082;279
Q1020220;P1082;3590
Q24684361;P1082;847
Q7979395;P1082;710
Q5951204;P1082;424
Q740545;P1082;580
Q8145752;P1082;2125
Q670612;P1082;12500
Q1775385;P1082;2128
Q4072056;P1082;4078
Q3830902;P1082;3060
Q1025014;P1082;507
Q2039456;P1082;879
Q12155863;P1082;96
Q5811877;P1082;60
Q129491;P1082;7285
Q384570;P1082;6379
Q2447223;P1082;2519
Q4506954;P1082;15334
Q6809691;P1082;3145
Q12861856;P1082;819
Q1011513;P1082;640
Q6374696;P1082;2105
Q5776063;P1082;347
Q4337045;P1082;682
Q12198272;P1082;1211
Q806814;P1082;2440
Q1989653;P1082;505
Q5779556;P1082;190
Q5509048;P1082;241
Q1011272;P1082;1160
Q4219955;P1082;292
Q2705079;P1082;5078
Q515715;P1082;5274
Q3207029;P1082;983
Q12981710;P1082;580
Q5854417;P1082;3683
Q833281;P1082;6488
Q5208747;P1082;16
Q2088400;P1082;266
Q5353607;P1082;56
Q2447761;P1082;1553
Q5766205;P1082;66
Q7221699;P1082;560
Q2438168;P1082;1419
Q6869622;P1082;77
Q2637935;P1082;15191
Q19353941;P1082;186
Q1026328;P1082;55000
Q68700;P1082;3784
Q1988189;P1082;475
Q4209573;P1082;1500
Q505426;P1082;1128
Q642506;P1082;685
Q4220289;P1082;6373
Q2440743;P1082;1551
Q3946488;P1082;2977
Q1010152;P1082;1450
Q4813216;P1082;518
Q7398781;P1082;1379
Q601448;P1082;446
Q4309402;P1082;1046
Q12872099;P1082;0
Q4585365;P1082;758
Q6374832;P1082;40
Q1240371;P1082;1108
Q5533202;P1082;30
Q1755428;P1082;2780
Q3564771;P1082;141
Q287716;P1082;15091
Q6347535;P1082;0
Q2941138;P1082;415
Q3524772;P1082;183
Q2047520;P1082;1965
Q5956927;P1082;188
Q1012921;P1082;65322
Q1056030;P1082;263
Q1984314;P1082;3069
Q16896310;P1082;0
Q1782670;P1082;755
Q16896208;P1082;13
Q2918647;P1082;14315
Q16893805;P1082;464
Q5843462;P1082;173
Q2165529;P1082;95
Q2025137;P1082;843
Q2185684;P1082;172
Q1925084;P1082;0
Q19807;P1082;5214
Q3564019;P1082;775
Q1000915;P1082;1433
Q16897310;P1082;444
Q4667107;P1082;1612
Q1895571;P1082;245
Q16890196;P1082;0
Q485053;P1082;612
Q16897124;P1082;816
Q5383852;P1082;589
Q739108;P1082;5402
Q24729081;P1082;1248
Q4867552;P1082;273
Q3566444;P1082;1172
Q1010347;P1082;2650
Q598676;P1082;65523
Q791827;P1082;8079
Q4701550;P1082;344
Q2447544;P1082;2537
Q1009296;P1082;1410
Q4285839;P1082;5
Q252672;P1082;89
Q3562985;P1082;164
Q375460;P1082;410
Q473681;P1082;156
Q12659949;P1082;342
Q7447222;P1082;588
Q1618132;P1082;844
Q1985523;P1082;1642
Q6385455;P1082;3533
Q1991085;P1082;2066
Q16897340;P1082;373
Q5807368;P1082;335
Q965055;P1082;1577
Q1758024;P1082;63676
Q16858966;P1082;690
Q502524;P1082;2781
Q1370496;P1082;137
Q6435937;P1082;642
Q4356491;P1082;781
Q988390;P1082;519
Q6892798;P1082;1309
Q2020424;P1082;530
Q4169498;P1082;8544
Q3594268;P1082;788
Q1010547;P1082;1990
Q3038022;P1082;1142
Q7319821;P1082;277
Q3997506;P1082;500
Q985415;P1082;15666
Q6098326;P1082;2753
Q1011545;P1082;2430
Q1011227;P1082;1980
Q3567064;P1082;533
Q2671950;P1082;231
Q943675;P1082;331
Q6373781;P1082;429
Q2037007;P1082;265
Q13649088;P1082;1697
Q570558;P1082;1522
Q2585002;P1082;2868
Q2555414;P1082;254
Q4946662;P1082;209
Q768989;P1082;2865
Q3613724;P1082;102
Q551374;P1082;446
Q331200;P1082;3519
Q999320;P1082;613
Q3559048;P1082;338
Q5350467;P1082;576
Q4108255;P1082;116
Q13641721;P1082;647
Q5714213;P1082;161
Q16897321;P1082;428
Q1455063;P1082;219
Q1883779;P1082;599
Q38340;P1082;3254
Q2441141;P1082;1009
Q674335;P1082;1439
Q12292761;P1082;367
Q2448062;P1082;19771
Q10860345;P1082;250
Q3115744;P1082;135
Q805983;P1082;414
Q3029697;P1082;1345
Q1013539;P1082;740
Q5952300;P1082;156
Q2626575;P1082;3526
Q5003168;P1082;65
Q4874542;P1082;13
Q2235493;P1082;11478
Q1903588;P1082;1784
Q2240190;P1082;278
Q640932;P1082;223
Q7356425;P1082;561
Q748226;P1082;3828
Q5865569;P1082;639
Q2987937;P1082;175
Q2032221;P1082;610
Q805971;P1082;1575
Q5832302;P1082;738
Q7011958;P1082;5660
Q2358038;P1082;2300
Q2360533;P1082;161
Q5842909;P1082;1955
Q1714015;P1082;1147
Q2425846;P1082;1327
Q2381361;P1082;1115
Q6432206;P1082;287
Q3562878;P1082;910
Q301744;P1082;134
Q6549058;P1082;3500
Q1011578;P1082;930
Q1983964;P1082;1494
Q2437181;P1082;992
Q5739710;P1082;1436
Q1867822;P1082;61176
Q12886331;P1082;434
Q5792997;P1082;106
Q2899965;P1082;1420
Q2633179;P1082;1406
Q3566906;P1082;330
Q16842361;P1082;231
Q4986715;P1082;272
Q266065;P1082;435
Q4450583;P1082;13
Q6738507;P1082;2398
Q1776354;P1082;2211
Q773754;P1082;2832
Q5672804;P1082;347
Q4180338;P1082;709
Q3208930;P1082;270
Q3702213;P1082;4648
Q5455162;P1082;57
Q2857702;P1082;400
Q16893785;P1082;544
Q3678342;P1082;8084
Q5708030;P1082;427
Q2246478;P1082;639
Q4058485;P1082;155
Q6376254;P1082;18
Q16897315;P1082;351
Q8145676;P1082;2520
Q5729747;P1082;800
Q2446110;P1082;1732
Q7198334;P1082;80
Q16893378;P1082;87
Q16895765;P1082;227
Q1602840;P1082;258
Q1808620;P1082;714
Q1891364;P1082;220
Q4328510;P1082;4271
Q1010412;P1082;1190
Q5717233;P1082;4157
Q24728242;P1082;885
Q16834908;P1082;633
Q2101474;P1082;7458
Q2157224;P1082;200
Q943446;P1082;15114
Q4239660;P1082;1203
Q2749866;P1082;1415
Q17064540;P1082;1081
Q4199288;P1082;252
Q3077057;P1082;161
Q1004157;P1082;4667
Q3927088;P1082;730
Q16698645;P1082;53
Q44072;P1082;4760
Q16891089;P1082;584
Q3563203;P1082;415
Q6385952;P1082;2137
Q2896973;P1082;2336
Q3563703;P1082;246
Q2452920;P1082;1945
Q6081257;P1082;1198
Q2857947;P1082;21
Q2255397;P1082;135
Q16895769;P1082;832
Q3562100;P1082;20
Q15224529;P1082;3
Q1984321;P1082;1614
Q2439871;P1082;1531
Q5019036;P1082;1600
Q5443668;P1082;1200
Q3305137;P1082;149
Q3395714;P1082;163
Q13646883;P1082;296
Q2582516;P1082;6446
Q7929539;P1082;26
Q5795024;P1082;444
Q947244;P1082;132
Q10861147;P1082;733
Q2626650;P1082;9000
Q5768177;P1082;78
Q6465369;P1082;126
Q4533114;P1082;819
Q5684920;P1082;1541
Q5207518;P1082;7861
Q2352148;P1082;7400
Q2437637;P1082;2447
Q2619842;P1082;115
Q2839252;P1082;57
Q4496601;P1082;323
Q1618546;P1082;20
Q5705654;P1082;33
Q1017199;P1082;750
Q3555840;P1082;781
Q2777821;P1082;1000
Q4791611;P1082;140
Q5710660;P1082;84
Q1001525;P1082;1060
Q2857950;P1082;302
Q1992257;P1082;3473
Q7376797;P1082;204
Q73101;P1082;2864
Q1009714;P1082;1700
Q6362483;P1082;133
Q2482468;P1082;3050
Q4238575;P1082;275
Q5807549;P1082;1480
Q6900996;P1082;1080
Q2840627;P1082;1051
Q5843966;P1082;2035
Q1970441;P1082;860
Q286510;P1082;15000
Q5952394;P1082;358
Q7359400;P1082;2548
Q743707;P1082;4513
Q1009809;P1082;2240
Q4154198;P1082;888
Q16895651;P1082;105
Q268227;P1082;24
Q2099492;P1082;114
Q763214;P1082;627
Q12279635;P1082;57
Q4115;P1082;3340
Q1002621;P1082;1330
Q285486;P1082;1859
Q24729190;P1082;633
Q949622;P1082;6341
Q5774471;P1082;328
Q15853;P1082;3694
Q2456204;P1082;6744
Q3564024;P1082;1061
Q5856445;P1082;670
Q5852335;P1082;4410
Q5766119;P1082;19
Q3087743;P1082;124
Q5831502;P1082;140
Q1604678;P1082;8952
Q385874;P1082;1712
Q4804223;P1082;110
Q4119467;P1082;4137
Q336409;P1082;301
Q4428500;P1082;2591
Q2905583;P1082;894
Q6473325;P1082;690
Q5679829;P1082;79
Q2906105;P1082;187
Q1984779;P1082;1764
Q4054420;P1082;1631
Q1382485;P1082;152
Q2674010;P1082;16938
Q2452361;P1082;704
Q1011829;P1082;980
Q4476899;P1082;2472
Q7545633;P1082;2270
Q5368952;P1082;311
Q5188605;P1082;680
Q12292179;P1082;423
Q3272747;P1082;7940
Q7782506;P1082;86
Q6083157;P1082;988
Q5769567;P1082;3574
Q5870123;P1082;54
Q5038782;P1082;910
Q210598;P1082;43157
Q6474545;P1082;662
Q3301181;P1082;2500
Q6823321;P1082;478
Q6754976;P1082;655
Q12193415;P1082;8047
Q1999757;P1082;3221
Q3563119;P1082;1564
Q24729067;P1082;607
Q7912686;P1082;20
Q488507;P1082;52
Q1018197;P1082;1086
Q687879;P1082;1361
Q1011820;P1082;860
Q4234145;P1082;1904
Q2014947;P1082;5528
Q1984705;P1082;1547
Q762238;P1082;103
Q6432548;P1082;526
Q3054101;P1082;437
Q5999183;P1082;0
Q4439805;P1082;688
Q7918950;P1082;291
Q2795092;P1082;351
Q731179;P1082;1634
Q1982983;P1082;7078
Q5683982;P1082;303
Q4667912;P1082;59
Q5767319;P1082;129
Q12288844;P1082;167
Q771907;P1082;21934
Q5711339;P1082;290
Q710690;P1082;5904
Q5843758;P1082;60
Q211892;P1082;1270
Q2450749;P1082;1740
Q3564796;P1082;167
Q3563850;P1082;191
Q3564417;P1082;442
Q2452962;P1082;968
Q3563013;P1082;117
Q4509479;P1082;536
Q5875238;P1082;784
Q661530;P1082;191
Q3567048;P1082;90
Q12234856;P1082;1422
Q2281686;P1082;386
Q565215;P1082;393
Q4663815;P1082;596
Q5846586;P1082;2725
Q11900362;P1082;4326
Q5946704;P1082;4620
Q3555718;P1082;174
Q3563773;P1082;47
Q4752483;P1082;613
Q16897073;P1082;0
Q44262;P1082;223
Q3564683;P1082;424
Q2591302;P1082;344
Q4337131;P1082;588
Q2031384;P1082;1326
Q12666140;P1082;25
Q2449137;P1082;5427
Q2340579;P1082;780
Q24062064;P1082;18974
Q5436553;P1082;2221
Q12884396;P1082;50
Q1775921;P1082;2831
Q170646;P1082;2284
Q4325248;P1082;779
Q3660486;P1082;760
Q15992605;P1082;179
Q1951889;P1082;3792
Q12882633;P1082;128
Q1982087;P1082;3209
Q6522701;P1082;82
Q5884860;P1082;361
Q6678949;P1082;1325
Q139618;P1082;27
Q6674170;P1082;828
Q5221933;P1082;4588
Q16891044;P1082;125
Q3514417;P1082;1559
Q3698674;P1082;2360
Q6356855;P1082;48
Q4500021;P1082;984
Q2146505;P1082;3480
Q4323926;P1082;5596
Q2436834;P1082;1899
Q1023872;P1082;4142
Q4219275;P1082;444
Q1867889;P1082;1077
Q4937646;P1082;670
Q2436864;P1082;3401
Q821642;P1082;130
Q3491468;P1082;616
Q974134;P1082;1600
Q5368922;P1082;179
Q955711;P1082;1370
Q4521321;P1082;581
Q690341;P1082;427
Q6452589;P1082;445
Q4405181;P1082;560
Q2439813;P1082;2050
Q1025907;P1082;3609
Q16892688;P1082;103
Q16896568;P1082;466
Q1060348;P1082;1446
Q957536;P1082;1830
Q1808895;P1082;1750
Q4303312;P1082;2394
Q11818846;P1082;21
Q261476;P1082;4
Q2440217;P1082;3351
Q2394847;P1082;1141
Q639126;P1082;25
Q12878762;P1082;436
Q5549851;P1082;312
Q666959;P1082;277
Q1019330;P1082;810
Q7202167;P1082;371
Q205448;P1082;2780
Q3303474;P1082;0
Q3629768;P1082;249
Q3620485;P1082;265
Q4115747;P1082;585
Q6528771;P1082;254
Q700434;P1082;1538
Q2650208;P1082;1287
Q1009722;P1082;2200
Q24684072;P1082;782
Q2499687;P1082;9176
Q4533112;P1082;2854
Q672647;P1082;336
Q6522628;P1082;326
Q2592107;P1082;2312
Q3540888;P1082;7774
Q5810205;P1082;44
Q1011720;P1082;760
Q18764351;P1082;78
Q16322686;P1082;535
Q5222666;P1082;307
Q2037998;P1082;1670
Q29019;P1082;53109
Q7267910;P1082;1278
Q4591968;P1082;220
Q4027942;P1082;49
Q6927321;P1082;1796
Q4591208;P1082;2296
Q2745332;P1082;95
Q5787977;P1082;171
Q1018106;P1082;1115
Q2573267;P1082;4877
Q2671881;P1082;450
Q3563674;P1082;45
Q4998511;P1082;1000
Q7702456;P1082;1266
Q3051810;P1082;855
Q3544748;P1082;1000
Q5086463;P1082;757
Q12287985;P1082;267
Q477285;P1082;2695
Q12275739;P1082;100
Q1823390;P1082;518
Q574916;P1082;232
Q2436788;P1082;3973
Q20019301;P1082;75
Q3564776;P1082;83
Q278003;P1082;340
Q10860946;P1082;385
Q1775951;P1082;2592
Q5820238;P1082;2240
Q6429020;P1082;1498
Q5523848;P1082;1271
Q7404674;P1082;1080
Q1020011;P1082;1124
Q7577255;P1082;370
Q593295;P1082;222
Q4463615;P1082;9634
Q8060132;P1082;210
Q8083628;P1082;161
Q8340173;P1082;4773
Q2448592;P1082;1910
Q1011746;P1082;1120
Q1355581;P1082;952
Q5770698;P1082;300
Q2915392;P1082;500
Q6445678;P1082;1712
Q1990712;P1082;873
Q5833507;P1082;956
Q2000292;P1082;1804
Q2268331;P1082;386
Q31006;P1082;391
Q2398575;P1082;416
Q6432556;P1082;246
Q3564731;P1082;105
Q2840990;P1082;179
Q4831966;P1082;1794
Q748821;P1082;2468
Q3560241;P1082;393
Q5793571;P1082;1012
Q7322098;P1082;874
Q3564910;P1082;164
Q2439824;P1082;1463
Q1821070;P1082;1640
Q2988703;P1082;335
Q4777370;P1082;274
Q2639038;P1082;873
Q1655349;P1082;665
Q12169283;P1082;0
Q3565376;P1082;90
Q537308;P1082;748
Q4070636;P1082;2391
Q12289712;P1082;455
Q4667159;P1082;106
Q6663494;P1082;690
Q6787708;P1082;341
Q4313469;P1082;12813
Q4177764;P1082;3407
Q1783032;P1082;8561
Q4724705;P1082;777
Q75434;P1082;17578
Q20850381;P1082;86
Q1374614;P1082;193
Q12286658;P1082;333
Q4119165;P1082;4120
Q2449721;P1082;1306
Q2586360;P1082;993
Q2490473;P1082;1404
Q15093576;P1082;627
Q1021840;P1082;649
Q747228;P1082;78
Q2033041;P1082;941
Q992221;P1082;379
Q1009850;P1082;344
Q381967;P1082;432
Q3394267;P1082;1170
Q16897731;P1082;2
Q2451717;P1082;301
Q5784705;P1082;10
Q992679;P1082;80
Q5555136;P1082;11802
Q5619847;P1082;553
Q1949024;P1082;118
Q1961674;P1082;13723
Q7227836;P1082;1210
Q17099731;P1082;819
Q12167134;P1082;30
Q2638187;P1082;2520
Q1240884;P1082;2743
Q2445219;P1082;936
Q1147711;P1082;1455
Q7021575;P1082;27
Q659971;P1082;192
Q1773189;P1082;401
Q444099;P1082;247
Q672772;P1082;46
Q12877259;P1082;461
Q2335639;P1082;1108
Q1011342;P1082;1020
Q3564062;P1082;1068
Q5088532;P1082;630
Q1116161;P1082;4681
Q2455062;P1082;2385
Q2638488;P1082;2279
Q4692666;P1082;124
Q1985529;P1082;3552
Q2400212;P1082;0
Q744726;P1082;1460
Q3136852;P1082;2906
Q2442086;P1082;4809
Q3558202;P1082;620
Q6624076;P1082;446
Q12460561;P1082;2232
Q670537;P1082;1699
Q3563689;P1082;214
Q3564706;P1082;691
Q601473;P1082;2077
Q6506648;P1082;487
Q21484187;P1082;30288
Q3394359;P1082;969
Q5607675;P1082;217
Q70442;P1082;240
Q282461;P1082;48320
Q5614574;P1082;13
Q2498590;P1082;490
Q6430369;P1082;623
Q68024;P1082;544
Q2202738;P1082;123
Q3563681;P1082;316
Q2437499;P1082;3406
Q2475716;P1082;7076
Q16322651;P1082;288
Q2620881;P1082;4064
Q28223325;P1082;12666
Q7114042;P1082;2010
Q1995639;P1082;995
Q69268;P1082;4441
Q665845;P1082;4917
Q1810466;P1082;315
Q7356768;P1082;797
Q675592;P1082;544
Q11021582;P1082;315
Q5811194;P1082;543
Q1013614;P1082;810
Q12188708;P1082;2667
Q4522540;P1082;3780
Q5707147;P1082;173
Q2109972;P1082;910
Q24729050;P1082;659
Q389998;P1082;1460
Q2709840;P1082;2995
Q2218224;P1082;239
Q4771824;P1082;41
Q2621657;P1082;1015
Q285899;P1082;2548
Q1009637;P1082;1210
Q1775900;P1082;815
Q1555822;P1082;200
Q159916;P1082;764
Q695745;P1082;51
Q5215865;P1082;307
Q643990;P1082;1321
Q12872224;P1082;191
Q3567063;P1082;68
Q444404;P1082;671
Q1811901;P1082;352
Q2485400;P1082;378
Q6369124;P1082;20
Q4326760;P1082;4549
Q527946;P1082;4456
Q2002075;P1082;1405
Q3557705;P1082;37
Q2219812;P1082;2305
Q7127573;P1082;25
Q66895;P1082;261
Q7450635;P1082;77
Q6563648;P1082;17767
Q4769811;P1082;229
Q2437562;P1082;5194
Q3560280;P1082;541
Q2447790;P1082;2761
Q4749688;P1082;1794
Q5767582;P1082;6
Q2659162;P1082;2656
Q1983201;P1082;2457
Q4907548;P1082;5164
Q7830119;P1082;1180
Q4746773;P1082;31
Q15224908;P1082;699
Q3242983;P1082;1627
Q998732;P1082;568
Q1468840;P1082;1860
Q30016638;P1082;4994
Q16893325;P1082;6
Q2064648;P1082;196
Q1992285;P1082;2264
Q2439566;P1082;2556
Q1370434;P1082;890
Q15272454;P1082;1078
Q4842088;P1082;17
Q6406757;P1082;650
Q2634212;P1082;97564
Q1985083;P1082;2015
Q12279880;P1082;289
Q5003698;P1082;1148
Q2543206;P1082;3704
Q28382094;P1082;253
Q1832261;P1082;1585
Q16016706;P1082;1457
Q5274298;P1082;716
Q1011801;P1082;2160
Q20025031;P1082;460
Q2443275;P1082;2776
Q3564853;P1082;735
Q4029140;P1082;0
Q3309484;P1082;1312
Q4692615;P1082;531
Q3563068;P1082;85
Q4692516;P1082;44
Q20627369;P1082;1434
Q2438650;P1082;1792
Q7141790;P1082;80
Q12873429;P1082;279
Q3997927;P1082;2110
Q2450535;P1082;1264
Q2772708;P1082;195
Q5812113;P1082;94
Q3562971;P1082;151
Q1010363;P1082;1100
Q2447110;P1082;1620
Q640035;P1082;1290
Q4663877;P1082;425
Q7458097;P1082;252
Q31279;P1082;441
Q2893839;P1082;219
Q5862811;P1082;202
Q4518484;P1082;707
Q7690666;P1082;67
Q162572;P1082;563
Q1142659;P1082;1430
Q20463670;P1082;1296
Q913181;P1082;15102
Q692734;P1082;122
Q1026301;P1082;1500
Q24728564;P1082;1303
Q1987773;P1082;1838
Q1013600;P1082;1220
Q2636839;P1082;1232
Q2473572;P1082;1065
Q6203219;P1082;2405
Q1001775;P1082;1000
Q1152729;P1082;527
Q5190349;P1082;672
Q1639500;P1082;168
Q7060724;P1082;47
Q4561750;P1082;5566
Q10860622;P1082;157
Q2353691;P1082;210
Q4116447;P1082;1058
Q5114977;P1082;33
Q16897307;P1082;33
Q4351871;P1082;1402
Q19690752;P1082;13
Q1983956;P1082;622
Q2440155;P1082;2621
Q2098453;P1082;1150
Q1008929;P1082;3140
Q1011845;P1082;1700
Q1933573;P1082;799
Q4705777;P1082;83
Q2011066;P1082;1725
Q3658737;P1082;593
Q3541086;P1082;396
Q3377537;P1082;967
Q353425;P1082;308
Q1593741;P1082;350
Q6081249;P1082;312
Q7427017;P1082;6310
Q6350804;P1082;713
Q5943928;P1082;4413
Q5548463;P1082;367
Q2443369;P1082;5518
Q2445515;P1082;934
Q5067620;P1082;30
Q12885480;P1082;71
Q5114705;P1082;42
Q5775642;P1082;43
Q1987789;P1082;1070
Q1169725;P1082;276
Q3556018;P1082;508
Q7064931;P1082;283
Q660077;P1082;726
Q3562932;P1082;119
Q7580892;P1082;960
Q3562948;P1082;4
Q704109;P1082;1996
Q3731;P1082;1250
Q3563994;P1082;673
Q64933;P1082;252
Q12293910;P1082;1
Q3564015;P1082;641
Q4859882;P1082;2034
Q977068;P1082;545
Q6948566;P1082;898
Q2709331;P1082;1848
Q708166;P1082;181
Q7423505;P1082;673
Q1985855;P1082;1270
Q3561443;P1082;998
Q6661603;P1082;4797
Q2638587;P1082;374
Q6493553;P1082;1024
Q3556071;P1082;543
Q3554821;P1082;1385
Q16894569;P1082;1714
Q1210332;P1082;175
Q7689005;P1082;965
Q667357;P1082;2261
Q2032124;P1082;842
Q1132273;P1082;395
Q12688308;P1082;5153
Q6439684;P1082;63
Q3565426;P1082;643
Q20571587;P1082;557
Q11158055;P1082;245
Q2630283;P1082;240
Q2354415;P1082;1476
Q4827774;P1082;527
Q3563125;P1082;223
Q5764979;P1082;168
Q4326731;P1082;3816
Q1021595;P1082;735
Q322;P1082;3107
Q5526672;P1082;217
Q1636626;P1082;6561
Q3563650;P1082;37
Q2712456;P1082;937
Q3555685;P1082;686
Q5228164;P1082;1074
Q2357792;P1082;47
Q16893356;P1082;242
Q6353875;P1082;182
Q2027801;P1082;9617
Q213377;P1082;1240
Q16896995;P1082;637
Q12875398;P1082;231
Q4248965;P1082;5465
Q2438868;P1082;4222
Q5831504;P1082;72
Q3394129;P1082;926
Q990247;P1082;1130
Q5818802;P1082;52
Q4843911;P1082;363
Q1003608;P1082;174
Q2462737;P1082;694
Q4795896;P1082;201
Q6555811;P1082;1313
Q1926446;P1082;8080
Q5857116;P1082;870
Q3243105;P1082;1310
Q3084553;P1082;0
Q16896579;P1082;5
Q12654810;P1082;30
Q254734;P1082;437
Q374060;P1082;14294
Q43136;P1082;935
Q16016356;P1082;736
Q4260338;P1082;1197
Q2502064;P1082;806
Q1009823;P1082;700
Q3366333;P1082;537
Q7126569;P1082;66
Q4085919;P1082;2377
Q2569452;P1082;1306
Q3115091;P1082;229
Q4792829;P1082;2240
Q750331;P1082;186
Q3560644;P1082;68
Q902720;P1082;3372
Q67478;P1082;630
Q1010092;P1082;700
Q1984050;P1082;896
Q746518;P1082;755
Q1069775;P1082;408
Q5766056;P1082;137
Q5730836;P1082;110
Q942490;P1082;401
Q6689867;P1082;1077
Q548223;P1082;1296
Q5794716;P1082;719
Q3577153;P1082;272
Q1009920;P1082;3040
Q1011751;P1082;3130
Q550175;P1082;2397
Q699074;P1082;336
Q7179675;P1082;103
Q5516764;P1082;499
Q514211;P1082;5715
Q16839997;P1082;182
Q1991628;P1082;2946
Q7989620;P1082;1120
Q2014221;P1082;1710
Q1018279;P1082;189
Q1157646;P1082;14297
Q4243594;P1082;479
Q3562940;P1082;326
Q3130032;P1082;1130
Q12290834;P1082;27
Q7916730;P1082;228
Q2443266;P1082;1540
Q2569734;P1082;619
Q4429904;P1082;1156
Q1010161;P1082;1040
Q18764252;P1082;164
Q3560116;P1082;83
Q3462759;P1082;543
Q3740115;P1082;454
Q3025477;P1082;500
Q1914294;P1082;1020
Q5853628;P1082;62
Q6374994;P1082;276
Q1009707;P1082;1100
Q652648;P1082;660
Q2626288;P1082;3401
Q15224632;P1082;467
Q12294949;P1082;52
Q1011728;P1082;1720
Q2294964;P1082;387
Q504046;P1082;896
Q794382;P1082;48274
Q4481305;P1082;338
Q261418;P1082;9567
Q2440083;P1082;1343
Q1019479;P1082;5755
Q12567350;P1082;2030
Q1005797;P1082;415
Q895512;P1082;3525
Q1774391;P1082;6618
Q4794389;P1082;121
Q791830;P1082;1432
Q4288649;P1082;519
Q3555699;P1082;651
Q1010405;P1082;1050
Q7571925;P1082;826
Q1016958;P1082;1310
Q4139785;P1082;2000
Q12873439;P1082;657
Q4218205;P1082;79
Q4620962;P1082;300
Q669488;P1082;123
Q2525207;P1082;1522
Q3563779;P1082;13
Q1747451;P1082;1912
Q2569903;P1082;836
Q1982778;P1082;670
Q16057908;P1082;761
Q5073132;P1082;6690
Q2859313;P1082;4600
Q5226345;P1082;63
Q4658658;P1082;289
Q6787087;P1082;59
Q5270408;P1082;304
Q2389159;P1082;2968
Q2442767;P1082;1161
Q2469725;P1082;253
Q1004642;P1082;39454
Q2631639;P1082;55017
Q5785557;P1082;970
Q7334476;P1082;80
Q5763841;P1082;1210
Q1775778;P1082;304839
Q734370;P1082;16126
Q1984752;P1082;1328
Q4056797;P1082;2781
Q1973590;P1082;782
Q3558224;P1082;733
Q713319;P1082;5206
Q4842900;P1082;181
Q6397865;P1082;185
Q1989272;P1082;890
Q4312785;P1082;503
Q3740106;P1082;1496
Q16015027;P1082;711
Q12865796;P1082;1916
Q585941;P1082;1223
Q265070;P1082;69
Q379272;P1082;962
Q2080475;P1082;2333
Q2652713;P1082;1384
Q3492496;P1082;447
Q16897328;P1082;578
Q3561484;P1082;1274
Q7057738;P1082;2813
Q2218549;P1082;8949
Q2012113;P1082;1188
Q543032;P1082;5325
Q7962949;P1082;660
Q2781911;P1082;3953
Q1952054;P1082;3437
Q2534322;P1082;2866
Q2446743;P1082;833
Q7536728;P1082;1086
Q5788518;P1082;125
Q2524093;P1082;710
Q4590753;P1082;779
Q4108248;P1082;562
Q1982788;P1082;795
Q7521656;P1082;603
Q5662257;P1082;1710
Q3625184;P1082;21597
Q4827648;P1082;996
Q373920;P1082;516
Q15187128;P1082;392
Q7101505;P1082;194
Q5763795;P1082;14
Q5178917;P1082;7740
Q3562489;P1082;741
Q7258151;P1082;1119
Q2505670;P1082;15892
Q1985833;P1082;925
Q4027945;P1082;1043
Q5353587;P1082;492
Q130154;P1082;56
Q982446;P1082;75
Q149173;P1082;8652
Q2407935;P1082;857
Q2323916;P1082;780
Q3698675;P1082;500
Q2445227;P1082;819
Q816129;P1082;84
Q3859489;P1082;1262
Q10275081;P1082;0
Q3565430;P1082;553
Q6926142;P1082;256
Q1089229;P1082;366
Q4063477;P1082;210
Q6633640;P1082;126
Q4805029;P1082;1460
Q3027696;P1082;1455
Q3564826;P1082;93
Q15727398;P1082;110
Q4238776;P1082;1150
Q426916;P1082;417
Q2618787;P1082;1650
Q4108792;P1082;27
Q3563656;P1082;153
Q1017187;P1082;590
Q5353327;P1082;238
Q5397923;P1082;1631
Q1779389;P1082;63
Q1996882;P1082;1812
Q904559;P1082;1148
Q2452122;P1082;2831
Q6931033;P1082;195
Q833810;P1082;486
Q1991678;P1082;1084
Q2437428;P1082;952
Q12570105;P1082;1299
Q3307907;P1082;700
Q768278;P1082;1154
Q4832731;P1082;447
Q2989722;P1082;579
Q2482456;P1082;2273
Q1509988;P1082;967
Q2450501;P1082;917
Q7796432;P1082;530
Q12857167;P1082;174
Q5511818;P1082;559
Q812728;P1082;1228
Q5878369;P1082;1336
Q4058232;P1082;723
Q508132;P1082;516
Q1020317;P1082;721
Q425849;P1082;2568
Q1779340;P1082;3023
Q786580;P1082;2906
Q2442817;P1082;3511
Q4477077;P1082;840
Q5729476;P1082;28
Q6817855;P1082;768
Q2950056;P1082;6904
Q3562084;P1082;491
Q1947515;P1082;5828
Q7088422;P1082;662
Q7266296;P1082;3974
Q20013297;P1082;564
Q2781886;P1082;750
Q3740270;P1082;3210
Q5819377;P1082;1977
Q933714;P1082;19685
Q4096257;P1082;3308
Q2233534;P1082;313
Q12884683;P1082;211
Q5776934;P1082;432
Q5034366;P1082;3220
Q1009805;P1082;2450
Q3567059;P1082;196
Q5284692;P1082;746
Q2856913;P1082;6
Q914316;P1082;2169
Q1008937;P1082;1420
Q3563574;P1082;856
Q2552551;P1082;181
Q3415336;P1082;3855
Q16322618;P1082;96
Q2442783;P1082;3024
Q5214097;P1082;2862
Q1988254;P1082;502
Q7595052;P1082;631
Q943130;P1082;1361
Q7296454;P1082;106
Q5791480;P1082;233
Q5827984;P1082;87
Q6153036;P1082;1658
Q1027137;P1082;736
Q926336;P1082;16745
Q1021673;P1082;457
Q2450438;P1082;778
Q6754792;P1082;2668
Q3500114;P1082;5006
Q3625719;P1082;924
Q388154;P1082;686
Q6434546;P1082;119
Q16890355;P1082;280
Q4248584;P1082;211
Q338813;P1082;1618
Q12673899;P1082;76
Q740455;P1082;13961
Q5797107;P1082;362
Q791287;P1082;48600
Q1780233;P1082;1260
Q2447341;P1082;1767
Q3564740;P1082;61
Q1301785;P1082;750
Q3305102;P1082;71
Q16895019;P1082;0
Q1009945;P1082;680
Q16894240;P1082;2
Q7385070;P1082;10484
Q412044;P1082;920
Q2117719;P1082;1239
Q7246837;P1082;1666
Q12278946;P1082;758
Q168807;P1082;10296
Q931667;P1082;1452
Q8044774;P1082;356
Q5815818;P1082;1122
Q212096;P1082;492
Q5808579;P1082;632
Q12665822;P1082;14
Q4808363;P1082;5812
Q7940004;P1082;53
Q1008959;P1082;880
Q768787;P1082;309
Q5863842;P1082;326
Q546859;P1082;1702
Q12878784;P1082;193
Q2453692;P1082;1614
Q3556100;P1082;1048
Q792917;P1082;6984
Q12872892;P1082;80
Q2439578;P1082;2065
Q3563614;P1082;217
Q2927849;P1082;141
Q9867;P1082;17893
Q16849003;P1082;1293
Q1984026;P1082;2602
Q659927;P1082;1620
Q1009807;P1082;253
Q548588;P1082;1754
Q822026;P1082;311
Q2406332;P1082;142
Q4250774;P1082;712
Q588635;P1082;1253
Q1771057;P1082;639
Q4577769;P1082;1793
Q7131217;P1082;2226
Q2469803;P1082;2025
Q16893323;P1082;121
Q2990853;P1082;3004
Q2681239;P1082;6084
Q3558807;P1082;144
Q3046798;P1082;337
Q5853038;P1082;556
Q15220603;P1082;270
Q7376809;P1082;107
Q1968907;P1082;5004
Q4904121;P1082;185
Q2986737;P1082;648
Q3558369;P1082;952
Q278456;P1082;1445
Q12880579;P1082;611
Q12683765;P1082;275
Q541035;P1082;564
Q4314224;P1082;3079
Q1223152;P1082;2253
Q2449947;P1082;783
Q3556079;P1082;1264
Q1011984;P1082;910
Q1076320;P1082;212
Q4092305;P1082;41
Q3739328;P1082;603
Q1991149;P1082;2276
Q5588407;P1082;860
Q3559000;P1082;173
Q6941227;P1082;903
Q2450737;P1082;2149
Q4367727;P1082;687
Q6408032;P1082;328
Q5068836;P1082;363
Q3564786;P1082;606
Q1016813;P1082;2598
Q616808;P1082;4011
Q3025422;P1082;8423
Q2681548;P1082;5025
Q12180484;P1082;7547
Q12648862;P1082;196
Q7786677;P1082;138
Q16897375;P1082;563
Q827503;P1082;821
Q520798;P1082;3530
Q4881450;P1082;3323
Q614177;P1082;175
Q12881441;P1082;105
Q2532058;P1082;1232
Q3630432;P1082;258
Q1009213;P1082;660
Q16893339;P1082;121
Q24934;P1082;8
Q146474;P1082;9276
Q5812371;P1082;515
Q5609759;P1082;1290
Q219664;P1082;3379
Q1013753;P1082;2060
Q2626826;P1082;1660
Q1012582;P1082;2972
Q491999;P1082;6423
Q2658770;P1082;5691
Q6861976;P1082;166
Q2045459;P1082;212
Q484402;P1082;1331
Q3563841;P1082;438
Q12150703;P1082;931
Q7134416;P1082;180
Q5824092;P1082;384
Q3395682;P1082;330
Q3784305;P1082;794
Q16893795;P1082;817
Q2225743;P1082;1328
Q6355063;P1082;153
Q13643160;P1082;471
Q7094142;P1082;1194
Q4688827;P1082;1598
Q793327;P1082;600
Q5794721;P1082;1646
Q240700;P1082;368
Q853942;P1082;2959
Q16468022;P1082;30
Q4426504;P1082;4824
Q7133038;P1082;8
Q6403313;P1082;2173
Q4673420;P1082;192
Q5774978;P1082;258
Q816163;P1082;21275
Q2267677;P1082;1223
Q3396792;P1082;88
Q2627742;P1082;935
Q5858703;P1082;1302
Q6667887;P1082;5723
Q1984312;P1082;1272
Q2177249;P1082;689
Q2631216;P1082;5051
Q3406264;P1082;5010
Q5604049;P1082;510
Q2453668;P1082;1585
Q201649;P1082;636
Q4990515;P1082;44
Q6739444;P1082;787
Q16892290;P1082;235
Q1000445;P1082;768
Q7126567;P1082;461
Q5612412;P1082;208
Q4428353;P1082;4349
Q6849813;P1082;2500
Q724761;P1082;599
Q3566241;P1082;314
Q7129461;P1082;74
Q10858395;P1082;1661
Q1158273;P1082;245
Q5766077;P1082;61
Q635398;P1082;950
Q2332648;P1082;16932
Q5675125;P1082;774
Q1848794;P1082;2102
Q21290039;P1082;175
Q2452845;P1082;2107
Q1985863;P1082;2382
Q8723418;P1082;1938
Q5826035;P1082;1673
Q2438836;P1082;659
Q16896542;P1082;1000
Q2270667;P1082;86
Q7357492;P1082;13
Q3567071;P1082;524
Q2450716;P1082;3647
Q4212763;P1082;144
Q6415790;P1082;4440
Q743108;P1082;200
Q498622;P1082;270
Q5715389;P1082;210
Q1011233;P1082;640
Q7679459;P1082;2433
Q4312374;P1082;469
Q1847815;P1082;4040
Q447233;P1082;9309
Q940255;P1082;978
Q7263523;P1082;884
Q4752086;P1082;119
Q996450;P1082;1386
Q6502895;P1082;3220
Q1188277;P1082;1651
Q5435373;P1082;1650
Q7943433;P1082;768
Q2248873;P1082;44304
Q2667475;P1082;769
Q3541520;P1082;7009
Q1983138;P1082;1282
Q3792532;P1082;423
Q2053494;P1082;16173
Q5784436;P1082;1860
Q3304661;P1082;101
Q4700013;P1082;1810
Q5015933;P1082;228
Q1031393;P1082;169
Q4785579;P1082;33
Q6430346;P1082;572
Q5834458;P1082;3798
Q1975122;P1082;1104
Q2450672;P1082;1248
Q4404723;P1082;6530
Q3563633;P1082;510
Q16472209;P1082;5
Q984923;P1082;204
Q1021670;P1082;729
Q3563823;P1082;652
Q4247636;P1082;551
Q1984394;P1082;1073
Q11967666;P1082;3500
Q5855258;P1082;178
Q12879394;P1082;83
Q844572;P1082;181
Q781775;P1082;22214
Q24597;P1082;3002
Q5306868;P1082;3540
Q16057910;P1082;429
Q2801374;P1082;1546
Q992270;P1082;333
Q4829443;P1082;334
Q24729326;P1082;933
Q6871635;P1082;286
Q2386319;P1082;550
Q323196;P1082;2910
Q3012768;P1082;21848
Q12234911;P1082;868
Q12884523;P1082;273
Q7294418;P1082;1005
Q7835561;P1082;274
Q7178896;P1082;177
Q690131;P1082;247
Q162619;P1082;123
Q2878226;P1082;4078
Q5859451;P1082;67
Q6355929;P1082;163
Q2442400;P1082;2350
Q6816557;P1082;300
Q5802062;P1082;381
Q2061284;P1082;3916
Q5213678;P1082;2420
Q4806417;P1082;653
Q1901927;P1082;600
Q16897426;P1082;597
Q13033794;P1082;1125
Q308352;P1082;238
Q4541621;P1082;6502
Q659683;P1082;390
Q3562082;P1082;261
Q3775368;P1082;1280
Q21159621;P1082;1002
Q985188;P1082;3014
Q702148;P1082;177
Q3304687;P1082;73
Q4419026;P1082;284
Q7421364;P1082;1438
Q2280678;P1082;994
Q2801051;P1082;1053
Q2439088;P1082;768
Q12181932;P1082;5870
Q1773804;P1082;530
Q1966891;P1082;7424
Q1795792;P1082;979
Q2437962;P1082;2278
Q6368851;P1082;499
Q5768199;P1082;129
Q7624821;P1082;498
Q51906;P1082;720
Q7228050;P1082;183
Q1975093;P1082;933
Q13643138;P1082;268
Q817286;P1082;18218
Q3566384;P1082;890
Q16893794;P1082;378
Q1991116;P1082;3291
Q4535537;P1082;9427
Q2638381;P1082;6480
Q5247185;P1082;1201
Q1873736;P1082;8549
Q1765402;P1082;6796
Q3563709;P1082;740
Q43465;P1082;373
Q1009969;P1082;590
Q7286716;P1082;12
Q3563005;P1082;11
Q4424057;P1082;10
Q2070357;P1082;1438
Q3005257;P1082;3741
Q13649841;P1082;1682
Q4811896;P1082;551
Q13648402;P1082;4307
Q692454;P1082;85
Q2988743;P1082;463
Q4355107;P1082;1860
Q5276566;P1082;33
Q4461631;P1082;2833
Q2440129;P1082;1394
Q267569;P1082;2484
Q2421264;P1082;383
Q2704493;P1082;1345
Q2367259;P1082;365
Q1229327;P1082;1249
Q1009206;P1082;2820
Q2029686;P1082;246
Q3036822;P1082;64
Q790084;P1082;2890
Q5704394;P1082;207
Q15622139;P1082;578
Q1186956;P1082;3796
Q4894815;P1082;12891
Q18379785;P1082;785
Q3556063;P1082;1145
Q1985096;P1082;4158
Q13218710;P1082;741
Q356247;P1082;739
Q12209795;P1082;8817
Q1012311;P1082;1920
Q12881267;P1082;84
Q1478586;P1082;595
Q1009701;P1082;1050
Q2643856;P1082;27471
Q1638072;P1082;213
Q3421561;P1082;1330
Q58094;P1082;3952
Q773219;P1082;5581
Q6377758;P1082;115
Q345253;P1082;24223
Q1584399;P1082;597
Q826263;P1082;5000
Q2443232;P1082;1128
Q5640162;P1082;654
Q4207247;P1082;4220
Q3388575;P1082;1804
Q4902758;P1082;489
Q16917192;P1082;239
Q617169;P1082;1616
Q5874873;P1082;1567
Q1983261;P1082;1532
Q5739409;P1082;3632
Q7533884;P1082;95
Q5713224;P1082;125
Q15093891;P1082;520
Q2463817;P1082;1615
Q757773;P1082;23282
Q68769;P1082;481
Q4285024;P1082;458
Q1981954;P1082;1836
Q2482489;P1082;2592
Q1983994;P1082;1247
Q16827709;P1082;94
Q4860731;P1082;209
Q3390905;P1082;2171
Q5836320;P1082;714
Q8043499;P1082;81
Q4451925;P1082;4308
Q7295216;P1082;3234
Q1765520;P1082;117
Q4118350;P1082;585
Q7440344;P1082;1330
Q3556092;P1082;309
Q4446183;P1082;473
Q2470929;P1082;630
Q269043;P1082;51
Q193763;P1082;432
Q3039158;P1082;19246
Q6353847;P1082;207
Q3123606;P1082;11
Q1014090;P1082;1240
Q3473240;P1082;359
Q1543638;P1082;271
Q4529573;P1082;485
Q1017479;P1082;787
Q5826220;P1082;193
Q5828162;P1082;1376
Q5617102;P1082;166
Q2571037;P1082;425
Q2628579;P1082;937
Q6402412;P1082;676
Q1014353;P1082;5458
Q4235803;P1082;3935
Q1241368;P1082;349
Q4505588;P1082;337
Q6347193;P1082;659
Q5397927;P1082;14
Q5226926;P1082;305
Q3183737;P1082;127
Q5089917;P1082;15198
Q2452334;P1082;2102
Q20054980;P1082;276
Q3264045;P1082;4454
Q128731;P1082;3364
Q6059983;P1082;1350
Q4752420;P1082;47
Q3642686;P1082;103
Q5418256;P1082;85
Q7462215;P1082;1307
Q4390443;P1082;438
Q7917104;P1082;219
Q14221666;P1082;0
Q12193148;P1082;10466
Q201088;P1082;604
Q4166381;P1082;4308
Q2442316;P1082;1692
Q676017;P1082;2641
Q2445177;P1082;1827
Q2790636;P1082;425
Q2482473;P1082;20539
Q4689272;P1082;1257
Q321107;P1082;1737
Q2648335;P1082;358
Q6826339;P1082;2353
Q6689729;P1082;170
Q3793447;P1082;1948
Q393848;P1082;2441
Q5277466;P1082;103
Q1071715;P1082;410
Q687595;P1082;1387
Q2583880;P1082;184
Q5599738;P1082;179
Q991340;P1082;486
Q2631126;P1082;5420
Q2790241;P1082;856
Q506166;P1082;220
Q5765302;P1082;351
Q741742;P1082;7387
Q992190;P1082;2711
Q917474;P1082;1068
Q2606605;P1082;76
Q16893800;P1082;954
Q5832408;P1082;867
Q5951692;P1082;234
Q1011540;P1082;660
Q3157422;P1082;975
Q264188;P1082;3981
Q4118554;P1082;6572
Q1066424;P1082;15804
Q4670255;P1082;1900
Q2442377;P1082;2764
Q4702804;P1082;1080
Q1776404;P1082;2170
Q3564864;P1082;102
Q5790736;P1082;310
Q4505886;P1082;15124
Q3301296;P1082;283
Q1774938;P1082;573
Q4731129;P1082;1674
Q1023474;P1082;4217
Q1010183;P1082;176
Q5817421;P1082;105
Q2001542;P1082;552
Q5439123;P1082;174
Q5777145;P1082;753
Q2664842;P1082;459
Q7916256;P1082;1107
Q7084361;P1082;2022
Q3561503;P1082;796
Q949246;P1082;296
Q284322;P1082;418
Q2288849;P1082;1777
Q16896562;P1082;192
Q3576261;P1082;320
Q1890945;P1082;3419
Q1001533;P1082;234
Q6302406;P1082;5950
Q170960;P1082;2207
Q1975098;P1082;720
Q12885811;P1082;70
Q782782;P1082;2882
Q6366549;P1082;362
Q4449904;P1082;757
Q4535991;P1082;1368
Q3563600;P1082;454
Q1632715;P1082;115
Q5851146;P1082;2656
Q7129817;P1082;381
Q24239693;P1082;262
Q7273003;P1082;2251
Q6433234;P1082;850
Q2907877;P1082;3363
Q3877186;P1082;114
Q5121892;P1082;550
Q2102574;P1082;252
Q7697511;P1082;27086
Q2442327;P1082;3303
Q3566817;P1082;1604
Q2927828;P1082;35
Q940941;P1082;4264
Q3560143;P1082;112
Q100034;P1082;960
Q2439162;P1082;1952
Q5329341;P1082;675
Q16895643;P1082;418
Q1775376;P1082;504
Q4017844;P1082;3260
Q248076;P1082;1140
Q5302214;P1082;34
Q5774955;P1082;680
Q6890550;P1082;2516
Q16897714;P1082;1
Q4692597;P1082;315
Q6674256;P1082;900
Q7199052;P1082;101
Q2109493;P1082;4502
Q3560639;P1082;251
Q5784434;P1082;2278
Q2325067;P1082;705
Q311889;P1082;881
Q24729305;P1082;379
Q1699191;P1082;6012
Q5764718;P1082;207
Q5765197;P1082;212
Q1011685;P1082;1440
Q2331113;P1082;5105
Q1003235;P1082;1845
Q7178719;P1082;122
Q6401734;P1082;210
Q66152;P1082;300
Q3740094;P1082;103
Q12872210;P1082;333
Q2442416;P1082;1660
Q6710287;P1082;68
Q1020257;P1082;1650
Q5803994;P1082;125
Q3558285;P1082;1252
Q3564694;P1082;146
Q16469866;P1082;5
Q776191;P1082;8202
Q4805037;P1082;15
Q7160501;P1082;39
Q16896223;P1082;330
Q192098;P1082;462
Q1956606;P1082;829
Q2641337;P1082;519
Q3560602;P1082;186
Q5566706;P1082;994
Q1010114;P1082;1810
Q23835860;P1082;1232
Q12288142;P1082;464
Q1985890;P1082;3399
Q5765678;P1082;191
Q384446;P1082;1583
Q941860;P1082;953
Q7124450;P1082;304
Q3567077;P1082;14
Q3558209;P1082;1161
Q649341;P1082;199
Q495102;P1082;2166
Q4973764;P1082;407
Q12873070;P1082;604
Q12275737;P1082;301
Q2064938;P1082;4680
Q4438640;P1082;203
Q15309259;P1082;240
Q5864917;P1082;5130
Q2400342;P1082;489
Q3558249;P1082;941
Q4974558;P1082;540
Q5839750;P1082;1931
Q6434730;P1082;385
Q2444588;P1082;2129
Q3498211;P1082;392
Q5221873;P1082;214
Q7202550;P1082;603
Q4519795;P1082;6471
Q839122;P1082;322
Q167780;P1082;2643
Q1911167;P1082;108
Q7645373;P1082;29100
Q1010388;P1082;650
Q393561;P1082;314
Q20628998;P1082;2676
Q3560247;P1082;174
Q1722519;P1082;1978
Q16322678;P1082;38
Q1470224;P1082;834
Q4295888;P1082;175
Q289955;P1082;59
Q21501138;P1082;525
Q2949946;P1082;4617
Q4769824;P1082;165
Q3560699;P1082;67
Q1985824;P1082;2316
Q6898430;P1082;17
Q239193;P1082;4740
Q11011926;P1082;37
Q4831149;P1082;924
Q3269879;P1082;212
Q6414658;P1082;193
Q3541077;P1082;499
Q37346601;P1082;155
Q1009895;P1082;1810
Q601607;P1082;279
Q4701601;P1082;1058
Q1009931;P1082;1350
Q23835524;P1082;141
Q3968354;P1082;4159
Q15199096;P1082;4162
Q6434600;P1082;498
Q2402271;P1082;1290
Q6359143;P1082;85
Q2379811;P1082;1626
Q988802;P1082;4690
Q6895494;P1082;0
Q5958318;P1082;2081
Q4665043;P1082;181
Q1011697;P1082;990
Q3545099;P1082;1050
Q3562094;P1082;883
Q3554923;P1082;1116
Q2452930;P1082;1006
Q1990754;P1082;569
Q11874007;P1082;4246
Q18390350;P1082;1721
Q4801394;P1082;123
Q7271136;P1082;520
Q6041947;P1082;3321
Q4454060;P1082;622
Q2437192;P1082;3020
Q5686931;P1082;430
Q2913311;P1082;788
Q3301307;P1082;216
Q3565355;P1082;810
Q1988197;P1082;770
Q21500469;P1082;392
Q3492521;P1082;1114
Q4416130;P1082;2038
Q5247193;P1082;4133
Q1009763;P1082;1280
Q1383599;P1082;13061
Q3556195;P1082;1292
Q1982151;P1082;1912
Q4792085;P1082;335
Q13649799;P1082;1583
Q6349633;P1082;421
Q3563796;P1082;136
Q4692502;P1082;78
Q1385667;P1082;969
Q5727580;P1082;1093
Q815245;P1082;16838
Q28509952;P1082;4
Q1291708;P1082;3884
Q4663865;P1082;1070
Q1961629;P1082;1124
Q1973987;P1082;238
Q2629730;P1082;4
Q7017057;P1082;1040
Q1982160;P1082;2465
Q931268;P1082;864
Q2236290;P1082;13462
Q5224055;P1082;1657
Q4996816;P1082;2124
Q6353850;P1082;317
Q1987780;P1082;345
Q950200;P1082;5330
Q5767362;P1082;19
Q1009196;P1082;1300
Q1985973;P1082;640
Q13649157;P1082;351
Q1019438;P1082;16512
Q501499;P1082;1944
Q2436813;P1082;2193
Q1111914;P1082;26
Q384219;P1082;1097
Q2457204;P1082;690
Q3109384;P1082;626
Q3556176;P1082;1135
Q12271146;P1082;647
Q2470780;P1082;487
Q19838362;P1082;124
Q5934437;P1082;8368
Q4429916;P1082;1267
Q2454370;P1082;1384
Q16450121;P1082;93
Q70422;P1082;252
Q6350991;P1082;316
Q7397435;P1082;2670
Q12167133;P1082;1261
Q1009907;P1082;820
Q5767275;P1082;132
Q691123;P1082;670
Q5718610;P1082;146
Q12878199;P1082;1134
Q12831033;P1082;3102
Q4495349;P1082;760
Q1989064;P1082;2164
Q16469742;P1082;30
Q2795812;P1082;2555
Q12211345;P1082;1204
Q5221964;P1082;383
Q2441831;P1082;3521
Q1365603;P1082;40
Q3844842;P1082;11120
Q940128;P1082;404
Q5473146;P1082;1529
Q5314885;P1082;2670
Q15245139;P1082;476
Q24729104;P1082;2079
Q5842902;P1082;1032
Q1984761;P1082;3210
Q392748;P1082;848
Q4916475;P1082;2070
Q1991166;P1082;719
Q2466281;P1082;1220
Q5472578;P1082;2190
Q16322964;P1082;21
Q371187;P1082;522
Q12271022;P1082;319
Q21601871;P1082;123
Q12873462;P1082;256
Q7208717;P1082;1528
Q2358920;P1082;452
Q12885459;P1082;100
Q1727350;P1082;652
Q5867649;P1082;338
Q3115096;P1082;69
Q5836311;P1082;573
Q781575;P1082;1670
Q5706821;P1082;213
Q3577138;P1082;560
Q16487548;P1082;51
Q5418527;P1082;922
Q3028596;P1082;105
Q15059215;P1082;510
Q12879397;P1082;151
Q13643363;P1082;472
Q4703265;P1082;760
Q7167693;P1082;356
Q4725550;P1082;1033
Q1009736;P1082;466
Q938014;P1082;135
Q5815314;P1082;109
Q4132011;P1082;179
Q2457147;P1082;815
Q2439132;P1082;1508
Q16890406;P1082;477
Q3562998;P1082;663
Q4079765;P1082;264
Q1012340;P1082;2810
Q5252316;P1082;1090
Q4914395;P1082;4224
Q1009815;P1082;1240
Q2631176;P1082;3069
Q2455020;P1082;1108
Q2950062;P1082;6721
Q5957449;P1082;370
Q12875838;P1082;64
Q1104518;P1082;590
Q3505120;P1082;321
Q2437538;P1082;1425
Q5362961;P1082;322
Q7231710;P1082;256
Q1961669;P1082;1060
Q3738319;P1082;1122
Q3813178;P1082;542
Q5247222;P1082;459
Q66468;P1082;297
Q5809205;P1082;7
Q5308784;P1082;136
Q5209480;P1082;95
Q4291262;P1082;3447
Q1241064;P1082;230
Q7190052;P1082;70
Q5423546;P1082;18
Q3298830;P1082;342
Q2313618;P1082;7582
Q1982925;P1082;719
Q3037202;P1082;28
Q2602387;P1082;491
Q15198113;P1082;370
Q1384932;P1082;1296
Q152828;P1082;52020
Q4129394;P1082;251
Q4212373;P1082;67
Q3516627;P1082;704
Q2318779;P1082;549
Q2626068;P1082;1451
Q939913;P1082;650
Q2987754;P1082;237
Q3558373;P1082;555
Q688507;P1082;595
Q1009524;P1082;3629
Q16878685;P1082;85
Q642531;P1082;854
Q12234179;P1082;1378
Q6390490;P1082;1107
Q7604926;P1082;77
Q5768634;P1082;96
Q1025918;P1082;2806
Q2917496;P1082;4
Q4265978;P1082;1066
Q14624907;P1082;634
Q2671853;P1082;478
Q5712754;P1082;537
Q4213896;P1082;1351
Q628181;P1082;8922
Q3068920;P1082;300
Q5937827;P1082;375
Q4377342;P1082;1535
Q16893784;P1082;588
Q4283036;P1082;4234
Q2281003;P1082;885
Q2215;P1082;5299
Q1011368;P1082;1410
Q2067955;P1082;405
Q1010357;P1082;1160
Q2437972;P1082;3132
Q2062485;P1082;2027
Q4398838;P1082;3919
Q611607;P1082;583
Q16893760;P1082;530
Q3906456;P1082;9738
Q1080519;P1082;37
Q4118397;P1082;2120
Q7564007;P1082;40
Q3740102;P1082;521
Q2449753;P1082;5141
Q5564125;P1082;89
Q24684084;P1082;454
Q1631586;P1082;3134
Q1984511;P1082;890
Q3395626;P1082;231
Q994882;P1082;5188
Q12073806;P1082;935
Q5529395;P1082;63
Q2439350;P1082;3997
Q1001590;P1082;733
Q2621673;P1082;3399
Q741793;P1082;4998
Q3560574;P1082;66
Q6781814;P1082;600
Q2366839;P1082;1345
Q1975117;P1082;1057
Q972353;P1082;5320
Q4087167;P1082;592
Q16896805;P1082;994
Q6851133;P1082;109
Q1011743;P1082;1900
Q3564423;P1082;130
Q1267101;P1082;2629
Q302123;P1082;3123
Q3036324;P1082;2978
Q5833378;P1082;81
Q4936380;P1082;603
Q7825482;P1082;1795
Q691221;P1082;441
Q159867;P1082;1645
Q2450635;P1082;5833
Q2453825;P1082;1808
Q3778610;P1082;1300
Q1009669;P1082;1010
Q1758944;P1082;0
Q991325;P1082;3347
Q12876909;P1082;119
Q7908902;P1082;170
Q3560128;P1082;639
Q2746326;P1082;830
Q3556260;P1082;1489
Q4307826;P1082;496
Q805000;P1082;530
Q2439628;P1082;920
Q2452290;P1082;1148
Q4165000;P1082;4665
Q2442708;P1082;2406
Q5435082;P1082;4519
Q6823672;P1082;560
Q4720697;P1082;136
Q7170942;P1082;73
Q1012337;P1082;1440
Q3563183;P1082;294
Q485891;P1082;8077
Q7268013;P1082;649
Q3839;P1082;1649
Q2174493;P1082;4999
Q166927;P1082;1031
Q6753572;P1082;15
Q669852;P1082;3203
Q1916517;P1082;508
Q20223771;P1082;467
Q12277188;P1082;130
Q3574535;P1082;38
Q2439834;P1082;1183
Q5805120;P1082;1168
Q5738031;P1082;1092
Q1985915;P1082;1604
Q19886907;P1082;197
Q5015386;P1082;52
Q1991202;P1082;842
Q5817345;P1082;3795
Q1782665;P1082;11200
Q6469263;P1082;66
Q3563567;P1082;671
Q2638570;P1082;6698
Q5019474;P1082;300
Q12883489;P1082;40
Q165038;P1082;208
Q5728926;P1082;1460
Q1982920;P1082;1910
Q1910804;P1082;630
Q2375639;P1082;1035
Q24728552;P1082;2093
Q5786493;P1082;555
Q3564699;P1082;415
Q4830455;P1082;1224
Q5313445;P1082;700
Q1005301;P1082;1626
Q1009964;P1082;670
Q38483;P1082;415
Q5188613;P1082;2610
Q4803198;P1082;93
Q2476715;P1082;2317
Q4120003;P1082;1008
Q3050879;P1082;66
Q1012257;P1082;970
Q5448421;P1082;130
Q3563608;P1082;546
Q255242;P1082;28
Q5837593;P1082;264
Q6794289;P1082;191
Q6344389;P1082;749
Q1794458;P1082;2300
Q7266389;P1082;1709
Q484837;P1082;126
Q3605875;P1082;414
Q2638975;P1082;1893
Q3555643;P1082;652
Q615213;P1082;792
Q1110932;P1082;2739
Q68332;P1082;225
Q1257213;P1082;1100
Q962644;P1082;1727
Q1010651;P1082;983
Q3566833;P1082;911
Q3563536;P1082;296
Q4081745;P1082;30
Q5826225;P1082;271
Q1907087;P1082;2290
Q3563053;P1082;63
Q4326544;P1082;76
Q5431421;P1082;620
Q4477736;P1082;332
Q5796225;P1082;248
Q5003454;P1082;1371
Q972795;P1082;72
Q5367753;P1082;650
Q3563747;P1082;543
Q7256106;P1082;50
Q1009902;P1082;1480
Q374768;P1082;26285
Q2453358;P1082;1668
Q4459311;P1082;4225
Q6447911;P1082;1627
Q5465122;P1082;282
Q5522518;P1082;58
Q2405927;P1082;702
Q5818459;P1082;1625
Q3048822;P1082;26
Q5823823;P1082;712
Q3446896;P1082;1396
Q24728979;P1082;604
Q3563034;P1082;272
Q7882306;P1082;67
Q6740332;P1082;23
Q393309;P1082;1937
Q3541091;P1082;324
Q6415683;P1082;730
Q25508282;P1082;305
Q5253512;P1082;77
Q5620513;P1082;477
Q1058869;P1082;2498
Q5382038;P1082;151
Q2439849;P1082;4777
Q963947;P1082;6998
Q2443353;P1082;3732
Q572891;P1082;1210
Q7200715;P1082;2770
Q94800;P1082;25595
Q8044642;P1082;164
Q4446184;P1082;429
Q3396866;P1082;570
Q12282703;P1082;30
Q833268;P1082;94
Q1009829;P1082;720
Q16894821;P1082;30
Q6781159;P1082;1150
Q3920898;P1082;1768
Q3113633;P1082;675
Q5803453;P1082;452
Q1013185;P1082;1524
Q1938829;P1082;876
Q12212226;P1082;4440
Q638496;P1082;238
Q3558311;P1082;1272
Q5816507;P1082;59
Q2988733;P1082;109
Q15935757;P1082;485
Q4702235;P1082;1244
Q4769823;P1082;0
Q5383509;P1082;320
Q554337;P1082;1306
Q2466239;P1082;924
Q2075525;P1082;760
Q2981792;P1082;1484
Q12249566;P1082;1159
Q2440758;P1082;756
Q3562979;P1082;501
Q304740;P1082;979
Q3564884;P1082;233
Q1019962;P1082;764
Q1893620;P1082;640
Q7918808;P1082;353
Q4540192;P1082;563
Q2443220;P1082;477
Q2607315;P1082;3666
Q5769645;P1082;363
Q827238;P1082;1378
Q6440900;P1082;246
Q7414355;P1082;131
Q331165;P1082;209
Q3035635;P1082;38
Q2439075;P1082;4137
Q5838514;P1082;24
Q4382552;P1082;771
Q1011562;P1082;3840
Q8071352;P1082;2758
Q4692664;P1082;98
Q16743806;P1082;458
Q5429128;P1082;4473
Q4478780;P1082;96
Q2440094;P1082;1217
Q2453680;P1082;1747
Q4860110;P1082;181
Q1965748;P1082;4140
Q8072761;P1082;501
Q18764544;P1082;11
Q21406560;P1082;158
Q4168605;P1082;779
Q15059273;P1082;6360
Q7830026;P1082;600
Q12289721;P1082;444
Q3089235;P1082;1151
Q12187206;P1082;4540
Q4702799;P1082;1346
Q2078087;P1082;125
Q1011998;P1082;4610
Q4848015;P1082;762
Q1009960;P1082;2100
Q1012774;P1082;1755
Q16897525;P1082;8
Q1993738;P1082;6043
Q2275334;P1082;1269
Q916750;P1082;240
Q4670451;P1082;38869
Q2564453;P1082;263
Q18201614;P1082;278
Q5252117;P1082;4279
Q4112;P1082;1980
Q3339125;P1082;5480
Q1009938;P1082;620
Q1711272;P1082;200
Q5247162;P1082;39
Q340538;P1082;57
Q7487397;P1082;27
Q24951790;P1082;1987
Q5222160;P1082;20
Q7252010;P1082;260
Q7134904;P1082;17
Q1284357;P1082;1982
Q12287999;P1082;467
Q3566263;P1082;234
Q5252530;P1082;5381
Q5822942;P1082;385
Q1009153;P1082;650
Q12665773;P1082;92
Q4944434;P1082;826
Q758601;P1082;560
Q5309772;P1082;325
Q5865206;P1082;668
Q3563806;P1082;41
Q2628263;P1082;2148
Q7536407;P1082;60
Q3920765;P1082;902
Q6381334;P1082;343
Q7402596;P1082;370
Q6403077;P1082;425
Q522398;P1082;1103
Q16896312;P1082;2266
Q3545471;P1082;68
Q4748087;P1082;470
Q12271751;P1082;633
Q5572910;P1082;585
Q562116;P1082;626
Q992326;P1082;121
Q4213664;P1082;6682
Q5775120;P1082;30
Q4452111;P1082;15838
Q5828133;P1082;1898
Q4252269;P1082;721
Q986601;P1082;4129
Q12272089;P1082;6
Q5714408;P1082;30
Q1001581;P1082;1642
Q2777355;P1082;317
Q13664542;P1082;382
Q4309440;P1082;507
Q7496169;P1082;2420
Q7405356;P1082;2131
Q1009628;P1082;660
Q5209201;P1082;179
Q2454382;P1082;1229
Q494847;P1082;654
Q2437459;P1082;1243
Q1974906;P1082;1299
Q17327190;P1082;266
Q5835760;P1082;2161
Q5620695;P1082;614
Q13650438;P1082;6763
Q5887146;P1082;5160
Q3560156;P1082;204
Q27572882;P1082;731
Q4203844;P1082;528
Q1333951;P1082;3072
Q5760081;P1082;813
Q1027233;P1082;150
Q4356362;P1082;1594
Q1771283;P1082;766
Q1217555;P1082;102
Q2424462;P1082;919
Q5252187;P1082;104
Q5815184;P1082;90
Q7878595;P1082;484
Q9185566;P1082;182
Q4054990;P1082;292
Q748856;P1082;2211
Q278785;P1082;621
Q4235387;P1082;1209
Q2404521;P1082;798
Q5517964;P1082;278
Q2292318;P1082;129
Q16893802;P1082;360
Q4465726;P1082;120
Q961988;P1082;559
Q7267065;P1082;2478
Q12874775;P1082;232
Q3394344;P1082;874
Q5803437;P1082;282
Q3491464;P1082;46
Q5620465;P1082;181
Q5559899;P1082;790
Q6545556;P1082;900
Q7266576;P1082;453
Q6401409;P1082;946
Q7915619;P1082;342
Q2068504;P1082;7519
Q3394904;P1082;150
Q2439047;P1082;794
Q1020157;P1082;852
Q1027124;P1082;5825
Q2606964;P1082;6486
Q5768276;P1082;359
Q2181540;P1082;21847
Q2988754;P1082;112
Q2457720;P1082;820
Q5765169;P1082;61
Q12286654;P1082;32
Q4540239;P1082;293
Q31213666;P1082;2934
Q1000456;P1082;798
Q3555889;P1082;876
Q158990;P1082;68007
Q12886007;P1082;3
Q2097405;P1082;13660
Q3558359;P1082;805
Q16897728;P1082;4
Q1142695;P1082;71
Q1442295;P1082;620
Q2883627;P1082;9516
Q3564248;P1082;1076
Q16837224;P1082;71
Q4692643;P1082;241
Q3536089;P1082;169
Q4442879;P1082;1094
Q3896832;P1082;13692
Q12660998;P1082;261
Q15059187;P1082;1510
Q1993490;P1082;595
Q18689570;P1082;0
Q4411417;P1082;404
Q17059492;P1082;2340
Q4478503;P1082;445
Q3563814;P1082;164
Q6555776;P1082;4650
Q7581176;P1082;1250
Q3565369;P1082;41
Q962170;P1082;6405
Q8564900;P1082;219
Q6992134;P1082;1737
Q15274221;P1082;4094
Q5212058;P1082;633
Q767030;P1082;1344
Q5815660;P1082;624
Q852585;P1082;609
Q3024221;P1082;5294
Q2012338;P1082;3367
Q660130;P1082;875
Q5856353;P1082;736
Q7371715;P1082;37
Q2439648;P1082;1963
Q1735290;P1082;13232
Q684608;P1082;146
Q5766266;P1082;18
Q6899864;P1082;510
Q1735279;P1082;812
Q1025470;P1082;4571
Q2450096;P1082;834
Q5823830;P1082;292
Q1011811;P1082;2310
Q4478585;P1082;4809
Q2439177;P1082;1419
Q12537304;P1082;1354
Q6348968;P1082;324
Q172902;P1082;22580
Q7376682;P1082;747
Q2437666;P1082;1096
Q5768154;P1082;443
Q2913513;P1082;1310
Q2507709;P1082;218
Q2442836;P1082;2693
Q2437696;P1082;3988
Q4306955;P1082;704
Q2099443;P1082;397
Q7001862;P1082;0
Q1011954;P1082;1410
Q3104044;P1082;1241
Q16895626;P1082;390
Q2374909;P1082;9369
Q1014244;P1082;974
Q1061118;P1082;989
Q1009754;P1082;690
Q18766220;P1082;863
Q19906467;P1082;877
Q7235721;P1082;142
Q2334141;P1082;870
Q2445621;P1082;2011
Q3136390;P1082;20
Q1020232;P1082;1350
Q4126139;P1082;399
Q5780093;P1082;168
Q1774904;P1082;6643
Q16897167;P1082;265
Q4812875;P1082;520
Q16897677;P1082;111
Q4308986;P1082;765
Q1919093;P1082;803
Q24233912;P1082;3500
Q12211372;P1082;1380
Q12299731;P1082;363
Q7646990;P1082;1000
Q4227473;P1082;3815
Q2639028;P1082;7463
Q1241574;P1082;741
Q5314005;P1082;33
Q4061453;P1082;2482
Q70517;P1082;2399
Q2477866;P1082;23
Q3632847;P1082;5510
Q1017022;P1082;1260
Q2917207;P1082;636
Q16893399;P1082;741
Q2028934;P1082;4032
Q278454;P1082;269
Q28509222;P1082;0
Q4703147;P1082;330
Q4702421;P1082;4509
Q5827293;P1082;454
Q5855226;P1082;13
Q4092115;P1082;1600
Q16894422;P1082;357
Q4531837;P1082;8105
Q6935384;P1082;242
Q3560233;P1082;716
Q2206944;P1082;140
Q7942717;P1082;363
Q341416;P1082;46
Q65785;P1082;4515
Q981312;P1082;720
Q2878317;P1082;1826
Q519687;P1082;7652
Q5104561;P1082;138
Q1962859;P1082;1008
Q5422969;P1082;1045
Q2440694;P1082;1873
Q2455003;P1082;1519
Q3560255;P1082;718
Q4499495;P1082;855
Q2450660;P1082;1635
Q6939737;P1082;580
Q2024266;P1082;6898
Q624707;P1082;3461
Q6401738;P1082;1705
Q1792917;P1082;151
Q7698077;P1082;49
Q2021765;P1082;772
Q13643080;P1082;466
Q7563544;P1082;2501
Q70444;P1082;2021
Q12884853;P1082;222
Q5714835;P1082;175
Q5829228;P1082;585
Q570725;P1082;37
Q160540;P1082;77
Q2779499;P1082;956
Q1009989;P1082;1020
Q7620672;P1082;700
Q4266369;P1082;674
Q4703015;P1082;610
Q5434744;P1082;2385
Q252543;P1082;5051
Q5820959;P1082;69
Q2714496;P1082;3808
Q1448638;P1082;358
Q3531529;P1082;2539
Q1983166;P1082;1572
Q4506602;P1082;87
Q4429644;P1082;6128
Q3555526;P1082;1817
Q1010543;P1082;1690
Q1227689;P1082;371
Q1785668;P1082;595
Q12238375;P1082;1787
Q1020239;P1082;3700
Q2454309;P1082;3691
Q4227626;P1082;9
Q16896559;P1082;9
Q10858567;P1082;1134
Q1012333;P1082;1940
Q3564435;P1082;86
Q5818421;P1082;522
Q1985020;P1082;1451
Q2905286;P1082;3020
Q1226082;P1082;342
Q2933890;P1082;3636
Q2636428;P1082;1195
Q7563867;P1082;708
Q3564812;P1082;45
Q2436897;P1082;1988
Q157447;P1082;19288
Q1268125;P1082;3620
Q3074715;P1082;0
Q3484180;P1082;474
Q4859990;P1082;171
Q4091691;P1082;4864
Q3562263;P1082;140
Q15306825;P1082;347
Q2257454;P1082;922
Q6546350;P1082;261
Q4338977;P1082;376
Q1982525;P1082;3751
Q4054175;P1082;1181
Q4886623;P1082;67
Q1965562;P1082;3156
Q5020173;P1082;790
Q1010322;P1082;710
Q2450465;P1082;2081
Q998805;P1082;1103
Q6180581;P1082;661
Q1009833;P1082;7160
Q5709111;P1082;834
Q7422997;P1082;292
Q1027545;P1082;22282
Q5614727;P1082;48
Q12870729;P1082;28
Q3558797;P1082;1
Q6826893;P1082;770
Q1990787;P1082;1264
Q6750301;P1082;132
Q1012006;P1082;1640
Q662307;P1082;208
Q1190133;P1082;2029
